storeId,storeName,postalCode,latitude,longitude
15,4 Wheel Parts-Off Road Truck & Jeep 4x4 Parts,78249,29.573585,-98.588029
631,4 Wheel Parts-Off Road Truck & Jeep 4x4 Parts,78597,26.09987428,-97.16682159
1773,4 Wheel Parts-Off Road Truck & Jeep 4x4 Parts,76051,32.963065,-97.0438925
1776,4 Wheel Parts-Off Road Truck & Jeep 4x4 Parts,77494,29.7778688,-95.81112563
1779,4 Wheel Parts-Off Road Truck & Jeep 4x4 Parts,77057,29.7404396,-95.48957085
1785,4 Wheel Parts-Off Road Truck & Jeep 4x4 Parts,78757,30.35758275,-97.7320496
1789,Academy Sports + Outdoors,75243,32.90006735,-96.7669922
1793,Academy Sports + Outdoors,76132,32.67116865,-97.40642692
1927,Academy Sports + Outdoors,77598,29.537566,-95.142824
1933,Academy Sports + Outdoors,75034,33.1034842,-96.8079339
10979,Academy Sports + Outdoors,78249,29.573605,-98.587999
11030,Academy Sports + Outdoors,78759,30.39896815,-97.74774275
11031,Academy Sports + Outdoors,78703,30.28192397,-97.75086435
11137,Academy Sports + Outdoors,75231,32.86819173,-96.75970997
11138,Academy Sports + Outdoors,77064,29.9578714,-95.54725595
11139,Academy Sports + Outdoors,77063,29.7385947,-95.51048285
11140,Academy Sports + Outdoors,75093,33.03548893,-96.7973309
11142,Academy Sports + Outdoors,78230,29.5485724,-98.5825063
11143,Academy Sports + Outdoors,76092,32.94079015,-97.13525766
11807,Academy Sports + Outdoors,75002,33.12607815,-96.6551617
11813,Academy Sports + Outdoors,76015,32.6784844,-97.1288758
11822,Academy Sports + Outdoors,78758,30.3977537,-97.7267657
11828,Academy Sports + Outdoors,78738,30.31643852,-97.94320271
11869,Academy Sports + Outdoors,75104,32.60215342,-96.94161588
11918,Academy Sports + Outdoors,75240,32.93535396,-96.82061586
11940,Academy Sports + Outdoors,76039,32.8779251,-97.1028631
11944,Academy Sports + Outdoors,75028,33.06454173,-97.08241591
11948,Academy Sports + Outdoors,75034,33.10044985,-96.81052145
11950,Academy Sports + Outdoors,75040,32.95125399,-96.61361583
11970,Academy Sports + Outdoors,76548,31.07150908,-97.66816002
12001,Academy Sports + Outdoors,76053,32.83005379,-97.20011593
12069,Academy Sports + Outdoors,78257,29.61398395,-98.60158025
12070,Academy Sports + Outdoors,78253,29.48944648,-98.70898116
12071,Academy Sports + Outdoors,75087,32.9034226,-96.4521762
12119,Academy Sports + Outdoors,78130,29.72844871,-98.07001607
12129,Academy Sports + Outdoors,78660,30.47194993,-97.59671599
12213,Academy Sports + Outdoors,76177,32.949819,-97.31406
12216,Academy Sports + Outdoors,79925,31.77052052,-106.3711743
12245,Academy Sports + Outdoors,78224,29.35474809,-98.53051614
12246,Academy Sports + Outdoors,78411,27.7092454,-97.36815953
12299,Academy Sports + Outdoors,79606,32.40802885,-99.77160475
12301,Academy Sports + Outdoors,79606,32.40084531,-99.76190163
12304,Academy Sports + Outdoors,79119,35.16258485,-101.9398109
12307,Academy Sports + Outdoors,76015,32.68274535,-97.12453159
12312,Academy Sports + Outdoors,78745,30.19003495,-97.7730816
12314,Academy Sports + Outdoors,78759,30.42561498,-97.7563916
12316,Academy Sports + Outdoors,78752,30.33588497,-97.6993916
12317,Academy Sports + Outdoors,78602,30.1144934,-97.35421595
12322,Academy Sports + Outdoors,77521,29.79484488,-94.98281156
12324,Academy Sports + Outdoors,77708,30.13509494,-94.16640154
12331,Academy Sports + Outdoors,78520,25.96682425,-97.5149116
12333,Academy Sports + Outdoors,76028,32.57293534,-97.32197159
12334,Academy Sports + Outdoors,78332,27.76764455,-98.04214161
12338,Academy Sports + Outdoors,78613,30.52850018,-97.81016025
12342,Academy Sports + Outdoors,79121,35.18475861,-101.92929
12345,Academy Sports + Outdoors,77845,30.61412502,-96.28969158
12355,Academy Sports + Outdoors,77304,30.33466497,-95.48113156
12356,Academy Sports + Outdoors,76308,33.87547555,-98.53922161
12357,Academy Sports + Outdoors,78411,27.71078454,-97.3816216
12360,Academy Sports + Outdoors,77598,29.51948364,-95.11915584
12363,Academy Sports + Outdoors,76710,31.52269516,-97.17211592
12368,Academy Sports + Outdoors,77904,28.8769534,-96.99879525
12376,Academy Sports + Outdoors,77377,30.08600493,-95.63782157
12379,Academy Sports + Outdoors,76502,31.06249509,-97.3684816
12380,Academy Sports + Outdoors,76201,33.23088577,-97.16425263
12381,Academy Sports + Outdoors,78745,30.22783495,-97.8226116
12383,Academy Sports + Outdoors,77479,29.593301,-95.6331174
12386,Academy Sports + Outdoors,78852,28.71900471,-100.4784617
12389,Academy Sports + Outdoors,78539,26.26314303,-98.16376161
12390,Academy Sports + Outdoors,75751,32.20524528,-95.8470157
12393,Academy Sports + Outdoors,79907,31.68056519,-106.3155617
12397,Academy Sports + Outdoors,79912,31.81788521,-106.5402518
12403,Academy Sports + Outdoors,77098,29.73148711,-95.41515633
12409,Academy Sports + Outdoors,79416,33.5794455,-101.9408817
12414,Academy Sports + Outdoors,77380,30.1694943,-95.45515639
12421,Academy Sports + Outdoors,75654,32.13090526,-94.80791553
12424,Academy Sports + Outdoors,75703,32.25497528,-95.30631156
12431,Academy Sports + Outdoors,79336,33.5952755,-102.3595317
12434,Academy Sports + Outdoors,78552,26.18442429,-97.7262216
12437,Academy Sports + Outdoors,79762,31.90018523,-102.3145168
12438,Academy Sports + Outdoors,78852,28.7034247,-100.4840165
12439,Academy Sports + Outdoors,79707,32.01405525,-102.1564717
12440,Academy Sports + Outdoors,78624,30.26711911,-98.86218399
12441,Academy Sports + Outdoors,78664,30.498885,-97.6775316
12442,Academy Sports + Outdoors,78596,26.17044429,-98.00881161
12443,Academy Sports + Outdoors,78041,27.55523451,-99.50529163
12444,Academy Sports + Outdoors,78410,27.85874564,-97.630416
12445,Academy Sports + Outdoors,77640,29.94105491,-93.99196154
12447,Academy Sports + Outdoors,77584,29.55897484,-95.39333156
12448,Academy Sports + Outdoors,78119,28.83494472,-97.8654816
12449,Academy Sports + Outdoors,77550,29.27547565,-94.8125086
12450,Academy Sports + Outdoors,78114,29.15101478,-98.16377161
12452,Academy Sports + Outdoors,78028,30.04557409,-99.14342357
12454,Academy Sports + Outdoors,77979,28.62982469,-96.63291583
12455,Academy Sports + Outdoors,77449,29.78356488,-95.77295157
12456,Academy Sports + Outdoors,77904,28.86735481,-96.9956753
12459,Academy Sports + Outdoors,77840,30.623016,-96.303453
12460,Academy Sports + Outdoors,77063,29.73944873,-95.50371565
12461,Academy Sports + Outdoors,77833,30.15275096,-96.39578727
12463,Academy Sports + Outdoors,77575,30.07475493,-94.78461155
12465,Academy Sports + Outdoors,77630,30.09613493,-93.76463154
12467,Academy Sports + Outdoors,77566,29.05004476,-95.45928156
12471,Academy Sports + Outdoors,77521,29.77517488,-94.98002156
12472,Academy Sports + Outdoors,77437,29.21827479,-96.28769158
12474,Academy Sports + Outdoors,77414,28.98398475,-95.93671572
12476,Academy Sports + Outdoors,77351,30.71266503,-94.95440156
12482,Academy Sports + Outdoors,76450,33.08304542,-98.58351615
12484,Academy Sports + Outdoors,76240,33.64057551,-97.13646159
12487,Academy Sports + Outdoors,75901,31.31279513,-94.72482155
12489,Academy Sports + Outdoors,75935,31.81351521,-94.19648154
12492,Academy Sports + Outdoors,75023,33.05205415,-96.69825158
12494,Academy Sports + Outdoors,75067,33.0055819,-96.9660624
12496,Academy Sports + Outdoors,75093,33.04742541,-96.83146159
12508,Academy Sports + Outdoors,77015,29.76848773,-95.18515595
12512,Academy Sports + Outdoors,75605,32.53865331,-94.75716155
12513,Ace Hardware,75901,31.29705513,-94.72421552
12515,Ace Hardware,76051,32.93047605,-97.09538641
12517,Ace Hardware,76108,32.74053643,-97.45051597
12520,Ace Hardware,76543,31.08754509,-97.7184016
12522,Ace Hardware,76132,32.6813637,-97.41676085
12524,Ace Hardware & Lumber,76137,32.89355389,-97.26058159
12526,Ace Hardware & Lumber of Pilot Point,76180,32.83689538,-97.22091159
12528,Ace Hardware Brenham,77034,29.64064486,-95.24583156
12531,Ace Hardware City,77037,29.9164074,-95.4156313
12533,Ace Hardware Fort Worth,77055,29.78738488,-95.53609157
12539,Ace Hardware Irving,78245,29.44518482,-98.63903162
12540,Ace Hardware Justin,78257,29.6023485,-98.56360161
12541,Ace Hardware Katy,78666,29.8481489,-97.96850161
12547,Ace Hardware Monahans,75090,33.67878552,-96.60485158
12548,Ace Hardware of Bridgeport,78045,27.61688452,-99.46731163
12549,Ace Hardware of Burkburnett,77092,29.81828849,-95.46915642
12551,Ace Hardware of Champions,78251,29.43911085,-98.70916545
12552,Ace Hardware of El Paso,77566,29.04990476,-95.46233156
12559,Ace Hardware of Madisonville,78154,29.57659485,-98.31704161
12564,Ace Hardware of Mineral Wells,78596,26.1750963,-97.98622055
12565,Ace Hardware of Olney,78501,26.19344292,-98.26639161
12566,Ace Hardware of Pampa,76901,31.43423515,-100.5032317
12567,Ace Hardware of Richardson,75069,33.21917544,-96.63298158
12570,Ace Hardware of Zapata,75040,32.9589454,-96.64650158
12575,Ace Hardware Plano,75035,33.11254543,-96.80277159
12577,Ace Hardware Western Auto,75028,33.06985845,-97.08636025
12581,Ace Home Center,78374,27.8929457,-97.30661594
12587,Ace Home Improvement Inc,78230,29.51241484,-98.53781161
12589,Ace of Azle,78217,29.51733484,-98.40967161
12593,Ace of Vernon,77406,29.69909199,-95.80680661
12596,Action Bikes,77340,30.70673608,-95.55898408
13884,AL&M Building Supplies,75002,33.12149555,-96.66382055
13888,Alamo Music Center,78610,30.08249287,-97.82616028
13892,Alamo Music Center,76177,32.96254005,-97.30715943
13932,All About You,76711,31.49885161,-97.15201592
13934,All Seasons Ace Hardware,79407,33.5660255,-101.9474217
14209,All Star Ace Hardware,76308,33.86858555,-98.53280161
14212,Allen Plumbing & Supply,76401,32.2007195,-98.2450044
14243,Als Handy Hardware,75068,33.17690544,-96.88923159
14261,Anderle Lumber Co.,76086,32.73343536,-97.7877016
14269,Apple Lumber,75835,31.29916513,-95.47036156
14277,Apple Lumber,75156,32.3308953,-96.13177158
14410,Apple Lumber,75703,32.24659528,-95.30518156
14705,Apple Lumber,76051,40.55217715,-75.49072187
14708,Arc'teryx La Madeleine,75043,32.86605538,-96.53771582
14710,Ariat Brand Shop,78552,26.19201429,-97.7219416
14713,Ariat Outlet,77494,29.77583488,-95.80933157
14739,Ascuba Venture,77047,29.59514849,-95.38991563
14776,ascubadiving,79109,35.18284628,-101.8823916
14798,Atascocita Ace Hardware,78704,30.259626,-97.75817
14995,Atwoods,77566,29.05270795,-95.45936217
14998,Atwoods,79007,35.65981584,-101.4081117
15000,Atwoods,77840,30.62540422,-96.30495604
15001,Austin Tri-Cyclist,79029,35.84846587,-101.9744817
15002,B & B Bicycles,78256,29.5913307,-98.61729855
15003,B & S True Value Hardware & Lumber,79065,35.55381583,-100.9719617
15004,B & S True Value Hardware- Gilmer,77479,29.59138072,-95.62252222
15005,Baby's & Kid's 1st,76033,32.3405153,-97.4094416
15007,Bailey's Ace Hardware,75110,32.08159526,-96.48169158
15010,Bailey's Hardware,75119,32.33215297,-96.61653158
15011,Bass Pro Shops,77338,30.00860463,-95.26992152
15013,Bass Pro Shops,75801,31.7390052,-95.60785157
15014,Bass Pro Shops,78501,26.18514408,-98.23804132
15015,Bass Pro Shops,76205,33.19045544,-97.10801159
15016,Bass Pro Shops,78840,29.39067482,-100.9029917
15017,Bass Pro Shops,76205,33.19183853,-97.10800813
15018,Bass Pro Shops,77075,29.62653485,-95.24643156
15021,Bass Pro Shops,75455,33.13499543,-94.96943156
15022,Bass Pro Shops,78526,25.95579789,-97.5043218
15024,Bass Pro Shops,75503,33.45578548,-94.08057154
15025,Bass Pro Shops,75503,33.45651779,-94.08054231
15026,Bass Pro Shops,75093,33.032391,-96.83110402
15027,Bass Pro Shops,76067,32.81125538,-98.08372161
15028,Bass Pro Shops,78746,30.25696537,-97.8051928
15167,Bass Pro Shops (Formerly Cabela's),78801,29.22567479,-99.76014163
15190,Bay Area Bicycles,79072,34.1894056,-101.7839217
15191,BBQ Outfitters,79045,34.83964571,-102.4061017
15192,BBQ Outfitters,78582,26.36986432,-98.80070162
15194,Bear Creek Running Co,78363,27.4957845,-97.8578316
15195,Bella's House,78155,29.57238485,-97.9412516
15196,Benbrook Ace Hardware,78102,28.42598466,-97.74801602
15197,Bering's Hardware,76904,31.42535149,-100.4961917
15198,Bering's Hardware,76801,31.71891891,-98.98438004
15200,Bertram Hardware & Supply,75670,32.53010533,-94.35099155
15201,Best Buy,75605,32.53933533,-94.75141155
15202,Best Buy Abilene,75460,33.6583577,-95.51134455
15203,Best Buy Alamo Ranch,75482,33.11425425,-95.59095157
15204,Best Buy Allen,75165,32.41224531,-96.84324159
15256,Best Buy Amarillo,77056,29.7392555,-95.46512907
15284,Best Buy Arlington,78746,30.25769496,-97.8069016
15421,Best Buy Atascocita,77565,29.54037484,-95.03772156
15478,Best Buy Bastrop,78256,29.59438485,-98.61511162
15501,Best Buy Baybrook,75225,32.8686505,-96.7737069
15645,Best Buy Baytown,76667,31.68496519,-96.45903158
15713,Best Buy Beaumont,75402,33.10011542,-96.11095157
15858,Best Buy Bee Cave,76234,33.2292482,-97.58950384
15859,Best Buy Brownsville,76710,31.51625164,-97.18872159
15960,Best Buy Cedar Hill,76502,31.07017509,-97.36611595
15970,Best Buy Cedar Park,75237,32.65931535,-96.87722159
15980,Best Buy City Base,75103,32.54597533,-95.85928157
16024,Best Buy College Station,78704,30.25958496,-97.7545816
16025,Best Buy Copperfield,75002,33.1282734,-96.6577567
16026,Best Buy Corpus Christi,75019,32.9544986,-96.9588279
16027,Best Buy Cypress,75205,32.8505666,-96.7882806
16028,Best Buy Denton,75022,33.0121747,-97.0718762
16043,Best Buy E El Paso,78248,29.59385733,-98.52928433
16044,Best Buy East Houston,78257,29.646618,-98.6099
16045,Best Buy El Paso,78258,29.63938009,-98.49485881
16586,Best Buy Eldorado Pkwy,78717,30.486856,-97.769633
16587,Best Buy Flower Mound,78759,30.402582,-97.744763
16692,Best Buy Fort Worth,78664,30.527165,-97.6881616
16699,Best Buy Forum,76054,32.85142599,-97.16876011
16700,Best Buy Frisco,76017,32.67331649,-97.19198765
16702,Best Buy Fry Road,76092,32.9377524,-97.1822326
16957,Best Buy Galleria,75218,32.82799815,-96.7085228
16958,Best Buy Georgetown,75080,32.97664921,-96.76619335
16960,Best Buy Grand Pky,78247,29.57906275,-98.44023625
17032,Best Buy Grapevine,77523,29.84158489,-94.85486155
17595,Best Buy Greenspoint,77840,30.61086,-96.312343
17642,Best Buy Gulfgate,76710,31.52674245,-97.1732093
18348,Best Buy Heritage Trace,78666,29.82805513,-97.98765676
19079,Best Buy Hulen,78209,29.49626791,-98.46935895
19091,Best Buy Humble,78257,29.60939545,-98.59720285
19097,Best Buy Hurst,77380,30.1695127,-95.47058935
19105,Best Buy Irving,77005,29.72118484,-95.42003814
19115,Best Buy Katy Freeway,78664,30.4994022,-97.61486305
19131,Best Buy Killeen,78382,28.02545459,-97.05130159
19532,Best Buy Lake Jackson,77584,29.579712,-95.382668
19548,Best Buy Laredo,76013,32.71574528,-97.15316232
19717,Best Buy Legacy,76248,32.93165015,-97.2272661
20270,Best Buy Lewisville,75791,32.2718963,-95.24291
20752,Best Buy Longview,77584,29.55266235,-95.39672866
20881,Best Buy Lubbock,78757,30.34868,-97.71605
20886,Best Buy Mansfield,76053,32.8279641,-97.20028452
20890,Best Buy Mcallen,78613,30.46964716,-97.80650642
20894,Best Buy Mckinney,77380,30.16441852,-95.45316704
20895,Best Buy Mesquite,75069,33.13223089,-96.65491072
20899,Best Buy Midland,78738,30.31041621,-97.94386039
20928,Best Buy Midway/LBJ,78758,30.39448423,-97.72745793
20931,Best Buy Mueller Airport,75605,32.53858824,-94.75008939
20939,Best Buy N Garland,79705,32.02949278,-102.129814
20940,Best Buy N Mcallen,75703,32.299295,-95.30348146
20944,Best Buy New Braunfels,77024,29.78099873,-95.53722453
20949,Best Buy North Austin,79925,31.77563137,-106.3810529
20957,Best Buy North Rim,77070,29.96157639,-95.53815131
20960,Best Buy Odessa,77904,28.86828575,-96.99508916
20966,Best Buy Park Lane,78216,29.51862284,-98.4925282
20969,Best Buy Pasadena,77546,29.54369875,-95.1500905
20974,Best Buy Pearland,75150,32.80662413,-96.62429943
20979,Best Buy Plano,76015,32.68096212,-97.13076089
20983,Best Buy Port Arthur,77642,29.94813476,-93.98971618
20987,Best Buy Rockwall,75040,32.95484408,-96.61484863
20996,Best Buy Round Rock,76543,31.09277932,-97.71729412
21010,Best Buy San Angelo,75104,32.60272027,-96.94473907
21013,Best Buy San Antonio,76502,31.07108263,-97.36763167
21022,Best Buy San Marcos,76904,31.42684341,-100.4988363
21023,Best Buy Sharpstown,79762,31.89413283,-102.3382183
21025,Best Buy Sherman,79606,32.39928573,-99.7627906
21030,Best Buy South Austin,76132,32.67896956,-97.39974837
21031,Best Buy South Fort Worth,75090,33.68862106,-96.58414504
21034,Best Buy Southpark Meadows,77056,29.73956228,-95.45982445
21037,Best Buy Spring,78041,27.55375747,-99.49776328
21038,Best Buy Sugar Land,78411,27.71204466,-97.37463226
21041,Best Buy Temple,77706,30.12397543,-94.15946443
21042,Best Buy Texarkana,76710,31.51562407,-97.18853296
21043,Best Buy The Woodlands,79414,33.53954765,-101.9242685
21045,Best Buy Tyler,78238,29.47038071,-98.62012436
21051,Best Buy Victoria,78247,29.59588787,-98.35019482
21055,Best Buy Victory Lakes,79912,31.81605326,-106.5434848
21057,Best Buy W San Antonio,79121,35.1851506,-101.9281957
21128,Best Buy Waco,77070,30.02175024,-95.5358006
21133,Best Buy Waxahachie,77057,29.74833392,-95.49499743
21136,Best Buy Weatherford,78412,27.73288819,-97.38218172
21174,Best Buy West El Paso,77551,29.2896648,-94.83537155
21471,Best Buy West Mcallen,78550,26.18687172,-97.68792188
21474,Best Buy West Oaks,78745,30.2177656,-97.79655605
21763,Best Buy Wichita Falls,78412,27.70509397,-97.36087375
21794,Best Buy Willowbrook,75104,32.59359916,-96.94637105
21825,Bible Hardware,75214,32.85470538,-96.73162158
22021,Bicycle Center Of Ft. Worth,77840,30.60827157,-96.31661106
22144,Bicycle World RGV Corpus,77505,29.63984856,-95.15707156
22160,Bicycle World RGV Harlingen,79407,33.57801021,-101.9045197
22366,Biedermann's Ace Hardware,78759,30.39896815,-97.74774275
22452,Big Bear Hardware,78503,26.1856833,-98.2359558
22453,Big Lake Ace Hardware,77056,29.74086506,-95.46450522
22454,Big R Stores - Dumas,75225,32.8642935,-96.7742085
22698,Bike and Radschopf,75965,31.64802519,-94.65321551
22751,Bike Farm,75230,32.90511663,-96.79462961
22752,Bike Land,75019,32.98515825,-96.99272415
22754,Bike Mart -  Richardson,75080,32.96682071,-96.76061541
22755,Bike Mart - Dallas Preston Hollow,75034,33.10229,-96.815593
22756,Bike Mart - Hollyhock/Prosper,75206,32.83342661,-96.77344306
22757,Bike Mart - McKinney,75070,33.16930627,-96.68839188
22783,Bike Mart - Trailhead,78216,29.51826705,-98.49547585
22786,Bike Mart - White Rock Lake,78041,27.55246195,-99.50058655
23002,Bike Sport Höhn,78629,29.52164484,-97.4442316
23006,BIKEALOT,79735,30.89440506,-102.8958217
23037,Bill's Bikes,76105,32.71237536,-97.28671594
23041,Blue Ribbon Country Store,79720,32.2275528,-101.4709166
24092,Blue Star Bike Shop,76177,32.90148735,-97.32481495
24100,Blue Tomato Shop Freiburg,78257,29.61425545,-98.5993448
24102,Blue Tomato Shop Karlsruhe,77380,30.1644527,-95.4528332
24262,Bluebonnet Walking & Running,75225,32.86729326,-96.77180964
25857,Blur Cycleworks,78521,25.9522453,-97.50297435
26576,Boaz Department Store,78258,29.61166485,-98.51196161
26593,Boot Barn,77479,29.59494849,-95.62379157
26803,Boot Barn,78258,29.61048515,-98.5121614
26804,Boot Barn,77380,30.13154937,-95.44611564
29939,Boot Barn,75075,33.0077568,-96.7092797
29940,Boot Barn,75024,33.09526105,-96.80143205
29943,Boot Barn,76092,32.9387936,-97.1172703
31477,Boot Barn,79606,32.40053085,-99.76116345
31723,Boot Barn,76901,31.43351501,-100.5021647
31730,Boot Barn,75092,33.68355187,-96.61115829
31731,Boot Barn,76087,32.72736315,-97.78302605
31734,Boot Barn,76135,32.8065375,-97.42615962
31742,Boot Barn,76063,32.59653407,-97.15015917
31745,Boot Barn,75028,33.06965418,-97.08033316
31772,Boot Barn,77388,30.04961649,-95.43241816
31779,Boot Barn,78223,29.35048088,-98.43616128
31780,Boot Barn,78232,29.60848511,-98.46016132
31781,Boot Barn,78738,30.30549653,-97.94416047
31840,Boot Barn,78723,30.30649654,-97.70916009
31908,Boot Barn,78130,29.7304871,-98.07216068
31914,Boot Barn,77346,29.99649147,-95.16215591
31930,Boot Barn,75040,32.94553978,-96.61415829
31931,Boot Barn,77429,29.96503349,-95.69097157
31935,Boot Barn,75087,32.90384654,-96.45333116
31969,Boot Barn,76504,31.09250942,-97.38415955
31970,Boot Barn,77566,29.04447586,-95.4561564
31971,Boot Barn,78253,29.48866483,-98.70961162
31982,Boot Barn,77573,29.47248288,-95.0941558
31984,Boot Barn,79936,31.7565203,-106.2651741
31985,Boot Barn,78504,26.2754305,-98.21516092
31991,Boot Barn,76051,32.92953951,-97.09515908
32000,Boot Barn,76177,32.91253923,-97.31515944
32017,Boot Barn,78602,30.11149335,-97.35515951
32018,Boot Barn,77406,29.69648654,-95.77615692
32020,Boot Barn,78238,29.47648294,-98.61116157
32022,Boot Barn,79762,31.89648901,-102.3143672
32039,Boot Barn,77640,29.94249057,-93.99015399
32053,Boot Barn,77380,30.1694943,-95.45841564
32061,Boot Barn,76132,32.68553552,-97.4091596
32067,Boot Barn,77049,29.81234884,-95.16173816
32070,Boot Barn,75033,33.17280054,-96.84111587
32075,Boot Barn,78613,30.47049923,-97.80216024
32076,Boot Barn,75002,33.12768635,-96.65947065
32080,Boot Barn,78501,26.19515129,-98.27119263
32087,Boot Barn,75034,33.10754243,-96.80915861
32088,Boot Barn,78154,29.56848444,-98.3281611
32089,Boot Barn,76543,31.08808751,-97.70683816
32097,Boot Barn,75165,32.42345312,-96.84342316
32110,Boot Barn,76308,33.8685549,-98.53616144
32111,Boot Barn,75070,33.21485442,-96.63961583
32113,Boot Barn,77479,29.58848478,-95.63771567
32116,Boot Barn,78216,29.52348371,-98.49516137
32117,Boot Barn,75074,33.03554126,-96.70315844
32118,Boot Barn,78759,30.38849789,-97.74316014
32119,Boot Barn,78735,30.23449536,-97.81816027
32120,Boot Barn,75062,32.83835054,-97.00526716
32128,Boot Barn,77036,29.68789949,-95.53362116
32129,Boot Barn,77070,29.96649098,-95.53715653
32130,Boot Barn,77037,29.92254903,-95.41315633
32131,Boot Barn,77055,29.78381997,-95.441885
32133,Boot Barn,79121,35.18457646,-101.933167
32146,Boot Barn,77087,29.69862949,-95.29411561
32148,Boot Barn,78411,27.71445407,-97.38615956
32149,Boot Barn,78503,26.196348,-98.26253
32150,Boot Barn,79925,31.77052052,-106.3711743
32151,Boot Barn,77706,30.12324349,-94.15565615
32152,Boot Barn,77077,29.73662249,-95.64657116
32153,Boot Barn,78045,27.57284518,-99.5019163
32154,Boot Barn,77598,29.54348403,-95.14015588
32156,Boot Barn,76706,31.49951609,-97.15015917
32159,Boot Barn,75703,32.28852901,-95.30121561
32174,Boot Barn,78748,30.16049415,-97.79081602
32177,Boot Barn,77338,30.01094917,-95.26241561
32178,Boot Barn,75244,32.92715395,-96.83809116
32180,Boot Barn,75067,33.00054067,-96.96315886
32202,Boot Barn,79705,32.03515249,-102.1171673
32214,Boot Barn,77056,29.73048711,-95.46215641
32254,Boot Barn,77840,30.6262325,-96.32960016
32272,Boot Barn,78526,25.96067343,-97.50619316
32273,Boot Barn,77449,29.78548801,-95.72415683
32276,Boot Barn,77505,29.64595949,-95.15391559
32462,Boot Barn,75150,32.80255374,-96.62915832
32472,Boot Barn,76053,32.826968,-97.203019
32483,Boot Barn,75104,32.60053413,-96.93715882
32494,Boot Barn,76015,32.67753538,-97.13715915
32505,Boot Barn,75231,32.87541539,-96.76716616
32521,Boot Barn,75605,32.53853311,-94.75941553
32530,Boot Barn - San Marcos Opening Soon!,77904,28.86764473,-96.99441589
32532,Boots-N-Britches,75503,33.45329515,-94.09650268
32550,Border Hardware,76028,32.5713018,-97.3209031
32558,Border Hardware,78628,30.6296365,-97.69341816
32610,Border Hardware,76205,33.19354385,-97.09915909
32611,Bowie Lumber,78666,29.85248911,-97.95416049
32612,Bralys Ace Hardware,79912,31.818102,-106.5499344
32640,Bralys Ace Hardware - Jacksonville,78664,30.47649933,-97.67116002
32644,Brighton,78257,29.60546149,-98.59866316
32653,Brighton,77095,29.88048956,-95.6451567
32680,Brighton,77584,29.55934843,-95.38561563
32684,Brighton,77521,29.77348781,-94.97615561
33597,Brighton,78741,30.21368605,-97.7149639
33778,Brighton,75229,32.88718539,-96.89694159
33957,Brighton,77706,30.12861032,-94.16260484
33970,Brighton,77840,30.62316152,-96.29961264
33974,Brighton,77304,30.3457101,-95.4839024
33976,Brighton,78411,27.7147178,-97.3820697
33977,Brighton,78412,27.6913657,-97.33421958
33979,Brighton,75110,32.08352565,-96.48115808
34008,Brighton Collectibles,77024,29.77499746,-95.53561577
34015,Brightside Boutique,77079,29.78327863,-95.60018631
34017,Brown's Shoe Fit College Station,77065,29.894744,-95.585743
34020,Brown's Shoe Fit Longview,77338,30.0050508,-95.26463033
34031,Brown's Shoe Fit Lufkin,79705,32.03501473,-102.1185001
34035,Buchanan Building Supply,79765,31.9083846,-102.2995964
34052,Buffalo Gap Hardware & Supply,75087,32.902415,-96.452835
34058,Builders Supply,76901,31.43992366,-100.4969177
34081,Bulldog Ace Hardware,77904,28.87108097,-96.99697412
34082,C and D Hardware,77598,29.5264636,-95.12742158
36378,Cabela's,78412,27.70246454,-97.3608416
37592,Cain True Value Hardware,77077,29.7394512,-95.6462795
37652,Canyon Lake Ace Hardware,77573,29.47548292,-95.09915581
37707,Casa Raul Western Wear Loop,77007,29.76082488,-95.41769156
38285,Casa Raul Western Wear North,78751,30.31398497,-97.7197416
40106,Cavender's Boot City,77546,29.54759505,-95.1504976
42555,Cavender's Boot City,75605,32.53842269,-94.75018274
42557,Cavender's Boot City,75901,31.33418753,-94.72593976
42811,Cavender's Boot City,77433,29.9922512,-95.7474703
42814,Cavender's Boot City,77459,29.53819484,-95.53120157
42816,Cavender's Boot City,78577,26.20257429,-98.20116089
42818,Cavender's Boot City,78665,30.57108501,-97.6897516
42819,Cavender's Boot City,78250,29.55314842,-98.66382162
50780,Cavender's Boot City,76051,32.94285397,-97.10001591
50824,Cavender's Boot City,77385,30.18427605,-95.4506626
51213,Cavender's Boot City,75056,33.06625542,-96.88646159
53271,Cavender's Boot City,79605,32.41970531,-99.78103163
53272,Cavender's Boot City,79106,35.18803577,-101.9283817
53285,Cavender's Boot City,76053,32.82030538,-97.20431159
53286,Cavender's Boot City,75604,32.5312533,-94.77190155
53287,Cavender's Boot City,79424,33.5427855,-101.9366517
53288,Cavender's Boot City,78501,26.1956374,-98.2573464
53298,Cavender's Boot City,78229,29.4877344,-98.5883534
53301,Cavender's Boot City,75701,32.30439529,-95.32729156
53302,Cavender's Boot City,76308,33.87350555,-98.53919161
54044,Cavender's Boot City,78758,30.38983996,-97.7130498
55318,Cavender's Boot City,77005,29.72267487,-95.43937156
56521,Cavender's Boot City,78249,29.59603485,-98.57427162
57702,Cavender's Boot City,77004,29.72924871,-95.37681563
57779,Cavender's Boot City,75801,31.76965205,-95.63821567
61943,Cavender's Boot City,77380,30.13359615,-95.45278007
62442,Cavender's Boot City,77070,29.95865085,-95.53826285
64832,Cavender's Boot City,75077,33.08225542,-97.02466159
65990,Cavender's Boot City,77406,29.70014866,-95.8097157
66003,Cavender's Boot City,79414,33.54413247,-101.9227607
66448,Cavender's Boot City,79410,33.5626755,-101.8888917
66761,Cavender's Boot City,77056,29.73284871,-95.46321564
66788,Cavender's Boot City,77479,29.59193485,-95.62444157
66791,Cavender's Boot City,77380,30.1645006,-95.4564183
66793,Cavender's Boot City,77584,29.55234842,-95.39341563
66796,Cavender's Boot City,77070,29.96144909,-95.53821565
66799,Cavender's Boot City,75605,32.53935331,-94.75091552
66800,Cavender's Boot City,77494,29.7873014,-95.79273815
66802,Cavender's Boot City,77338,30.00984917,-95.27011561
66805,Cavender's Boot City,77546,29.5489295,-95.15240545
67989,Cavender's Boot City,78411,27.70917454,-97.3885616
67995,Cavender's Boot City,76051,32.94145397,-97.07089159
67999,Cavender's Boot City,77092,29.83738,-95.456843
68003,Cavender's Boot City,75601,32.4938834,-94.73683745
68014,Cavender's Boot City,77385,30.1783571,-95.4501197
68202,Cavender's Boot City,76309,33.87701555,-98.55714161
68847,Cavender's Boot City,76712,31.48525159,-97.20891593
71991,Cavender's Boot City,79912,31.89806905,-106.5831984
72459,Cavender's Boot City,76701,31.55177655,-97.13957099
74221,Cavender's Boot City,79098,47.9953327,7.84907965
74532,Cavender's Boot City,76133,49.00634803,8.40350138
77625,Cavender's Boot City,78738,30.307915,-97.926127
77626,Cavender's Boot City,75231,32.86060578,-96.75356986
77632,Cavender's Boot City,77357,30.1332949,-95.2320705
77633,Cavender's Boot City,77581,29.56156484,-95.26078156
77635,Cavender's Boot City,77469,29.54348404,-95.74715687
81573,Cavender's Boot City,76825,31.10950969,-99.33461627
81718,Cavender's Boot City,77057,29.73848724,-95.48915645
81882,Cavender's Boot City,77494,29.74226487,-95.77815157
82320,Cavender's Boot City,76450,33.10668542,-98.58953162
82905,Cavender's Boot City,75402,33.09560542,-96.11523157
82910,Cavender's Boot City,79423,33.4877399,-101.9024191
82926,Cavender's Boot City,75032,32.89547539,-96.46837158
82928,Celina Ace Hardware,78224,29.35343481,-98.53854161
82929,Central Texas Cyclery,76087,32.72823075,-97.81280684
82933,Ceramic Grill Store,77379,30.08283815,-95.5195579
83313,Chalmers Hardware,76655,31.3845142,-97.21224116
85722,Champs Sports,78704,30.2593906,-97.74633955
85935,Champs Sports,79912,31.81925213,-106.5467175
85960,Champs Sports,75150,32.80785375,-96.62341583
85964,Champs Sports,77044,29.92824903,-95.2059156
85965,Champs Sports,77056,29.74334823,-95.46294857
85985,Champs Sports,75078,33.2199513,-96.7951647
88102,Champs Sports,77079,29.76944877,-95.60201566
88116,Champs Sports,76133,32.63375347,-97.38941596
88136,Champs Sports,76247,33.08485421,-97.30831594
88137,Champs Sports,77450,29.75604875,-95.75251569
88158,Champs Sports,79756,31.59026518,-102.8934617
88174,Champs Sports,77379,30.0290492,-95.55781566
88218,Champs Sports,78076,26.91444097,-99.27816266
88303,Champs Sports,76020,32.89453894,-97.53931598
88357,Champs Sports,77833,30.16974943,-96.40031579
88365,Champs Sports,77037,29.90184899,-95.39761563
88389,Champs Sports,78957,30.00349157,-97.14741592
88420,Champs Sports,77346,29.98694913,-95.1927156
88445,Champs Sports,75644,32.72838536,-94.94676156
88488,Champs Sports,78257,29.59632,-98.573064
88489,Champs Sports,78732,30.400073,-97.855339
88531,Champs Sports,78624,30.26454959,-98.8566162
88541,Champs Sports,76932,31.1918511,-101.4591662
88594,Champs Sports,78595,26.27734305,-98.56141615
88599,Champs Sports,76230,33.56125499,-97.85501603
88684,Champs Sports,77008,29.79049488,-95.39448156
88715,Champs Sports,78133,29.85234891,-98.16791608
88745,Champs Sports,78041,27.55495451,-99.50265163
88768,Champs Sports,77471,29.55748427,-95.78815694
88800,Champs Sports,77632,30.12206749,-93.74710915
88840,Champs Sports,76513,31.05578,-97.462075
88984,Champs Sports,77070,29.94344906,-95.58551566
88991,Champs Sports,78945,29.91134901,-96.93151588
89040,Champs Sports,78361,27.30733,-98.671416
89043,Champs Sports,75941,31.1866511,-94.78331553
89066,Champs Sports,75503,33.46755483,-94.09641542
89268,Champs Sports,78654,30.58025501,-98.28019161
89301,Champs Sports,78061,28.90484736,-99.09081624
89308,Champs Sports,77441,29.69073484,-95.91501488
89330,Champs Sports,77061,29.6600306,-95.2895678
89347,Champs Sports,76086,32.75353664,-97.79591602
89455,Champs Sports,75147,32.35395301,-96.10515746
89533,Champs Sports,77859,30.88066451,-96.59549016
89540,Champs Sports,76548,31.07425091,-97.678316
89571,Champs Sports,79556,32.47553208,-100.3941645
89574,Chandler Ace Hardware,76531,31.69037752,-98.13152116
89580,Childs Building Supply,76065,32.4798918,-96.9884532
89581,Cisco Ace Hardware & Lumber,76667,31.68551914,-96.47071581
89584,Cita's Boutique Harlingen,79512,32.38845307,-100.8691653
89587,City Chix Boutique,76834,31.81895213,-99.42381629
89644,Co-Ed Shop,78657,30.53255002,-98.39081612
89708,Coastal Hardware LLC,76248,32.93305396,-97.21621593
89778,Coastal Hardware LLC,75142,32.58153381,-96.30951578
89862,Cobblestone Cottage,75214,32.81275376,-96.73001585
89866,Cochran Blair & Potts,76550,31.07115091,-98.18471609
89873,Columbus Ace Hardware,77433,29.8800149,-95.68345157
89895,Commerce Ace Hardware,78942,30.17644944,-96.94821588
89976,Competitive Cameras Ltd,77707,30.06894926,-94.14231542
89985,Crib & Kids,77089,29.59794849,-95.2288156
89986,Crocs at Allen Outlet,77429,29.99634915,-95.62391567
89987,Crocs at Baybrook Mall,77058,29.57448455,-95.10715582
90004,Crocs at Grand Prairie Premium Outlets,77546,29.53194839,-95.20615599
90158,Crocs at Grapevine Mills,79007,35.66075843,-101.4069166
90180,Crocs at Houston Premium Outlet,79714,32.3185295,-102.545168
90350,Crocs at Ingram Park,77581,29.56964845,-95.28511561
90393,Crocs at Katy Mills,77406,29.6289218,-95.74475585
90432,Crocs at La Palmera,75551,33.11628543,-94.16273154
90544,Crocs at La Plaza,77338,30.030697,-95.380318
90720,Crocs at North Star,76086,32.757969,-97.77671
90760,Crocs at Outlet Shoppes at Laredo,78041,27.55977452,-99.44942163
90785,Crocs at Rio Grande Outlet 2,77388,30.0724927,-95.44021564
90833,Crocs at Round Rock Premium Outlets,79731,31.38775143,-102.3489168
90874,Crocs at San Marcos Outlet,78209,29.4891408,-98.45872
91130,Crocs at Shoppes at El Paso,77340,30.72410503,-95.54917157
91175,Crocs at Stonebriar Centre,78596,26.15874286,-97.99191606
91234,Crocs at Tanger Outlets Fort Worth,78676,30.00049153,-98.10116073
91768,Crocs at Tanger Outlets Houston,75703,32.29401625,-95.30115404
93553,Crocs at Terrell Outlet Center,75248,32.9532397,-96.7697199
93572,Crosby Ace Hardware,76053,32.83253792,-97.18681592
93645,Crossroad Bikes,77494,29.78337865,-95.79979015
102275,Culture Vélo Rambouillet,76063,32.59236534,-97.10624159
102280,Cycle Progression,76011,32.74669537,-97.06370159
102281,CymbalFusion.com | Drum Shop,78745,30.23174953,-97.7962616
102282,CymbalFusion.com | Drum Shop,78757,30.2317684,-97.7962468
102283,Cypress Ace Hardware,77521,29.80393488,-94.99117156
102288,D&D Ace Hardware,76706,31.4992876,-97.1517105
102291,Dallas Bike Works,75501,33.453713,-94.09012
102292,Deer Park Lumber Ace Hardware,76504,31.091946,-97.377757
102293,Desert Fox Cyclery,78666,29.82224489,-97.99049161
102294,Dial True Value Hardware,78239,29.51654836,-98.39433161
102296,Diboll Ace Hardware,75087,32.9175739,-96.4227541
102298,DICK'S House of Sport,75023,33.04126541,-96.70291158
102300,DICK'S Sporting Goods,77505,29.6489798,-95.1487621
102302,DICK'S Sporting Goods,75801,31.73235199,-95.62349157
102303,DICK'S Sporting Goods,75150,32.79871537,-96.62899158
102311,DICK'S Sporting Goods,79701,32.00195243,-102.1119167
102371,DICK'S Sporting Goods,75087,32.91953936,-96.4591158
102394,DICK'S Sporting Goods,75007,32.99765406,-96.90831588
102402,DICK'S Sporting Goods,77034,29.64492486,-95.24763156
102405,DICK'S Sporting Goods,76207,33.22667544,-97.17449159
102406,DICK'S Sporting Goods,75234,32.91136539,-96.88379159
102409,DICK'S Sporting Goods,79925,31.7692681,-106.367751
102414,DICK'S Sporting Goods,76132,32.68551536,-97.4085416
102416,DICK'S Sporting Goods,75402,33.117435,-96.108871
102418,DICK'S Sporting Goods,76240,33.62840551,-97.15231592
102419,DICK'S Sporting Goods,78520,25.9707501,-97.5160072
102420,DICK'S Sporting Goods,76543,31.08605093,-97.71271601
102421,DICK'S Sporting Goods,76164,32.79195537,-97.34975159
102422,DICK'S Sporting Goods,77054,29.7832786,-95.6001863
102423,DICK'S Sporting Goods,75901,31.29589513,-94.72706155
102424,DICK'S Sporting Goods,78045,27.6107438,-99.4694235
102425,DICK'S Sporting Goods,77068,30.0056923,-95.46515275
102427,DICK'S Sporting Goods,77340,30.72005033,-95.56311566
102428,DICK'S Sporting Goods,75067,33.02263541,-96.98526159
102429,DICK'S Sporting Goods,77040,29.85677489,-95.52088157
102430,DICK'S Sporting Goods,77015,29.76945488,-95.18386156
102468,DICK'S Sporting Goods,75067,33.04145414,-97.02248159
102474,DICK'S Sporting Goods,75234,32.9233544,-96.88292125
102490,DICK'S Sporting Goods,76904,31.42775149,-100.4584165
105433,DICK'S Sporting Goods,78748,30.15625494,-97.7929916
105434,DICK'S Sporting Goods,77521,29.79794882,-94.97893156
105436,DICK'S Sporting Goods,76028,32.56666534,-97.32175159
105437,DICK'S Sporting Goods,78223,29.35388481,-98.43994161
105438,DICK'S Sporting Goods,78238,29.47104483,-98.61735162
105440,DICK'S Sporting Goods,79762,31.89535226,-102.3216766
105443,DICK'S Sporting Goods,75150,32.80442537,-96.62556158
105444,DICK'S Sporting Goods,77301,30.3317376,-95.4654419
105445,DICK'S Sporting Goods,77429,29.96915491,-95.69524157
105545,DICK'S Sporting Goods,75407,33.17325435,-96.49191581
105819,DICK'S Sporting Goods,79121,35.1774523,-101.9283286
106796,DICK'S Sporting Goods,78148,29.55225,-98.30702
106944,DICK'S Sporting Goods,78664,30.495245,-97.6662916
107068,DICK'S Sporting Goods,76114,32.7715293,-97.4024468
107362,DICK'S Sporting Goods,77901,28.8026718,-96.9996757
107403,DICK'S Sporting Goods,78210,29.40968337,-98.49562578
107814,DICK'S Sporting Goods,78751,30.30578497,-97.7357916
108489,DICK'S Sporting Goods,77550,29.29660451,-94.78926141
109687,DICK'S Sporting Goods,76504,31.0888345,-97.3643055
109688,DICK'S Sporting Goods,76541,31.1188504,-97.7362805
109816,DICK'S Sporting Goods,76308,33.86362085,-98.53195122
110065,DICK'S Warehouse Sale,76209,33.20562544,-97.13423159
120464,DICK'S Warehouse Sale,78125,48.63447083,1.82180281
120812,Die Fahrrad-Kette,77494,29.74094173,-95.76659617
121337,Dillard's,76107,32.75182045,-97.3535722
121435,Dillard's,78164,28.9801393,-97.5131336
121436,Dillard's,78648,29.68061985,-97.6511458
121473,Dillard's,79414,33.53925495,-101.9255167
121474,Dillard's,78503,26.18744291,-98.22761609
121478,Dillard's,77494,29.78332488,-95.79376157
121480,Dillard's,75034,33.1027012,-96.8102774
121481,Dillard's,76177,32.908025,-97.31408
121482,Dillard's,77024,29.7828056,-95.5575783
121483,Dillard's,78723,30.31474497,-97.7049216
121498,Dillard's,75009,33.30905457,-96.78301586
121674,Dillard's,75069,33.19862544,-96.63316158
121676,Dillard's,75751,32.20185276,-95.8528157
121712,Dillard's,76109,32.69735357,-97.36801595
121713,Dillard's,75019,32.959754,-96.99411589
121737,Dillard's,76708,31.62595182,-97.23081593
121738,Dillard's,76657,31.44315152,-97.41001596
121739,Dillard's,76661,31.30605129,-96.89731588
121740,Dillard's,76634,31.78745208,-97.58031599
121741,Dillard's,76513,31.06096509,-97.4605316
121742,Dillard's,75154,32.5322533,-96.81111586
121743,Dillard's,76571,30.95575072,-97.53141598
121744,Dillard's,76648,31.84352172,-96.8021586
121745,Dillard's,76689,31.65874152,-97.47246916
121746,Dillard's,76665,31.91295229,-97.662816
122036,Dillard's,79936,31.7305752,-106.3123417
122037,Dillard's,79901,31.7568852,-106.4879817
122073,Dillard's,79110,35.16105761,-101.8471669
122076,Dillard's,76067,32.80814538,-98.08352161
122134,Dillard's,76013,32.72153611,-97.13315914
122137,Dillard's,76034,32.87853868,-97.15715918
122139,Dillard's,76137,32.87153856,-97.2881594
122144,Dillard's,79762,31.87952232,-102.3216765
122147,Dillard's,75159,32.64905349,-96.53815817
122212,Dillard's,76522,31.11823815,-97.89629658
122216,Dillard's,77494,29.7829488,-95.8213157
122676,Dillard's,77373,30.07307005,-95.4333076
122905,Dillard's,75024,33.09541975,-96.80186715
123598,Dillard's,76522,31.12450995,-97.90416041
123820,Dillard's,75751,32.20652767,-95.83515702
123821,Dillard's,75165,32.42653128,-96.83815866
123899,Dillard's,79912,31.8175213,-106.5451746
124048,Dillard's,76692,31.95152349,-97.32091595
124350,Dillard's,78701,30.26931288,-97.74824503
124608,Dillard's,75662,32.39953083,-94.85415541
124636,Dillard's,75686,32.99854065,-94.95951556
124739,Dillard's,76308,33.8689615,-98.5326229
124740,Dillard's,75604,32.53254831,-94.78891035
124741,Dillard's,77566,29.0508541,-95.4629237
124742,Dillard's,77471,29.53474839,-95.8065157
124743,Dot's Ace Hardware,77340,30.71550325,-95.57015658
124744,DSG House of Sport - Friendswood,77351,30.68950281,-94.94915556
124745,EaDo Bike Co,75965,31.63951839,-94.65415508
124746,Ekosport Paris Madeleine,75901,31.31151301,-94.7231552
124747,Electric Avenue,75654,32.13052642,-94.80515533
124748,Electric Avenue - Dallas,75670,32.52505329,-94.35415459
124750,Electric Avenue - Houston,75951,30.91650654,-93.996154
124751,En Selle Marcel BNF,77338,30.00502497,-95.27655156
124752,En Selle Marcel Paris Tiquetonne,77539,29.45722122,-95.08415925
124753,En Selle Marcel Raspail,78412,27.7101454,-97.36215952
124754,En Selle Marcel Tour Eiffel,77840,30.6175143,-96.3230394
124757,Endur3 Bikes,75090,33.67155168,-96.60715828
124758,Ennis Main Street Hardware,77575,30.06290275,-94.79597196
124759,Epic Cycles,75503,33.45737505,-94.10876145
124760,Fisherman's Headquarters,75703,32.30001459,-95.30057169
125045,Five Oaks Hardware,78216,29.4877344,-98.5883534
125407,Five Points Ace Hardware,78629,29.5174696,-97.4645695
125711,Fleet Feet Austin,77484,30.05837332,-95.92859471
126145,Fleet Feet Brownsville,75006,48.85280041,2.33622383
126958,Fleet Feet Circle C,79606,32.40953099,-99.78116348
126959,Fleet Feet Coppell,75751,32.21029171,-95.83014828
126960,Fleet Feet Corpus Christi,78602,30.10749328,-97.33115947
126961,Fleet Feet Dallas - Mockingbird,77708,30.14749393,-94.1801543
126962,Fleet Feet Fort Worth,77833,30.14424939,-96.37001579
126963,Fleet Feet Frisco,76801,31.72851984,-98.97361622
126964,Fleet Feet Gateway,78610,30.08249287,-97.81916027
126965,Fleet Feet Georgetown,76028,32.5410927,-97.3322643
126966,Fleet Feet Houston,75103,32.5435332,-95.85915706
126967,Fleet Feet Houston,77840,30.59985013,-96.30451578
126968,Fleet Feet Katy,78934,29.71064868,-96.49521581
126969,Fleet Feet McKinney,77954,29.08844766,-97.26431594
126970,Fleet Feet Plano,76234,33.23058265,-97.59102971
126971,Fleet Feet Preston/Forest,77437,29.21647868,-96.28815776
126972,Fleet Feet Richardson,79932,31.90485227,-106.5841175
126973,Fleet Feet River Oaks,76240,33.64455123,-97.13215914
126974,Fleet Feet Round Rock,78023,29.55348421,-98.68316168
126975,Fleet Feet San Antonio - The Forum,75654,32.13120476,-94.80628989
126976,Fleet Feet San Antonio - The Quarry,78119,28.82547227,-97.86016033
126977,Fleet Feet San Antonio - The Rim,76550,31.05755088,-98.17421608
126978,Fleet Feet The Woodlands,78043,27.49945055,-99.45421629
126979,Fleet Feet Vintage Park,75605,32.54553323,-94.7291552
126980,Fleming Lumber,79404,33.55154972,-101.8431669
126981,Fletcher Ace Hardware,75670,32.54565332,-94.35091546
126982,follow me,76667,31.68480484,-96.47100399
126984,Foot Locker,75570,33.45254809,-94.42161547
126985,Foot Locker,75801,31.73265199,-95.61161567
126986,Foot Locker,75462,33.6799208,-95.5354116
126987,Foot Locker,76262,33.0222541,-97.21461593
126988,Foot Locker,76904,31.43745151,-100.4941647
126989,Foot Locker,78666,29.88201128,-97.91815393
126990,Foot Locker,78155,29.57048448,-97.93816046
126993,Foot Locker,75482,33.10654241,-95.59715663
126994,Foot Locker,76502,31.0600202,-97.3385024
126995,Foot Locker,77375,30.07249271,-95.62515667
126996,Foot Locker,78801,29.2114786,-99.77816348
126997,Foot Locker,77904,28.8814732,-96.99415892
126998,Foot Locker,76710,31.52651654,-97.1671592
126999,Foot Locker,75165,32.41853114,-96.84215867
127000,Foot Locker,76086,32.73553634,-97.79516023
127001,Foot Locker,76308,33.85855474,-98.52916143
127139,Foot Locker,76180,32.83693,-97.21297
127638,Foot Locker,79701,31.97345239,-102.0755167
127830,Foot Locker,75207,32.80453747,-96.83715866
128346,Foot Locker,76011,32.7455365,-97.06515903
128573,Foot Locker,75951,30.91239412,-93.9927835
128600,Foot Locker,77706,30.12549358,-94.16015427
129589,Foot Locker,78503,26.18035788,-98.24590231
130134,Foot Locker,79029,35.85058738,-101.9731671
130150,Foot Locker,77640,29.93804983,-93.98360469
130163,Foot Locker,75240,32.92453944,-96.80615861
130373,Foot Locker,76710,31.5167286,-97.1867714
130377,Foot Locker,78503,26.18689695,-98.21311214
130695,Foot Locker,78220,29.41476627,-98.40560162
130705,Foot Locker,77488,29.32481575,-96.09312316
130709,Foot Locker,78654,30.59450127,-98.27216101
130731,Foot Locker,77096,29.6579977,-95.50833826
130768,Foot Locker,78064,28.94147418,-98.51141614
130772,Foot Locker,79360,32.71853606,-102.6451682
130773,Foot Locker,77642,29.95091808,-93.98969738
130790,Foot Locker,79549,32.71253597,-100.9181654
130819,Foot Locker,75766,31.94945235,-95.26241561
130834,Foot Locker,75771,32.50075325,-95.40491563
130843,Foot Locker,75633,32.15852689,-94.36041546
132176,Foot Locker,78216,29.52334475,-98.4974
132182,Foot Locker,77706,30.11708855,-94.16867529
132184,Foot Locker,78526,25.96182945,-97.5046188
132186,Foot Locker,75901,31.30940275,-94.7233066
132207,Foot Locker,78041,27.55118335,-99.50583725
132209,Foot Locker,75503,33.45591705,-94.09743485
132220,Foot Locker,78666,29.82394316,-97.98704956
132221,Foot Locker,77840,30.61527995,-96.31525565
132222,Foot Locker,78550,26.18703535,-97.72557876
132228,Foot Locker,78570,26.16286625,-97.88788385
132234,Foot Locker,78411,27.71422045,-97.3871818
132238,Foot Locker,77303,30.34567305,-95.4803703
132246,Foot Locker,78223,29.37719185,-98.45939735
132247,Foot Locker,77521,29.7974795,-94.9789368
132255,Foot Locker,77338,30.01431535,-95.26210914
132259,Foot Locker,77087,29.6981645,-95.2938772
132260,Foot Locker,78503,26.1858988,-98.21156215
132264,Foot Locker,77022,29.83292415,-95.3797733
132265,footTech,78664,30.5632038,-97.689229
132273,footTech,79606,32.4090977,-99.7754216
132290,Ford & Crew Home And Hardware,78748,30.1635014,-97.7933645
132291,Foster Hardware,78504,26.27433925,-98.21537945
132301,Frio Farm & Ranch Ace Hardware,77036,29.68940835,-95.5349642
132304,Fuller's Guitar,77040,29.85196256,-95.50691629
132310,Fulshear Ace Hardware,76543,31.087512,-97.70644455
132342,G & L General Store,77049,29.81125705,-95.16676915
132347,Galaxy Bicycles,79414,33.53604225,-101.9202656
132350,Galena Park Ace Hardware,77573,29.47252766,-95.0942828
132356,Garland Ace Hardware,77075,29.6285407,-95.2373767
132361,Gatesville Ace Hardware,78224,29.35517095,-98.5403956
132365,Gateway Hardware & Rental,79705,32.03604579,-102.119341
133168,GEAR UP,79601,32.48078532,-99.69801163
133170,Gibson's Ace Hardware,78516,26.19175429,-98.13099161
133171,Gigglin' Marlin Dive & Swim,78332,27.76960455,-98.04362161
133172,Gilfillan's Paint & Hardware,75013,33.11948543,-96.67233158
133174,Golf Galaxy,79119,35.15967576,-101.9234817
133176,Golf Galaxy,79106,35.21227577,-101.9078167
133179,Golf Galaxy,78336,27.92203457,-97.17690159
133180,Golf Galaxy,76011,32.75095366,-97.09543159
133182,Good Sports Outdoor Outfitters,78753,30.33936497,-97.6908216
133183,Good Sports Outlet,78753,30.41343498,-97.6763016
133187,Gotta Ride Bikes,78735,30.23224953,-97.8232816
133191,Grand Prarie Ace Hardware,76020,32.90428539,-97.5460416
133194,Grangerland Home and Hardware,77414,28.98454475,-95.93478157
133195,Gritr Sports and Outdoors,77521,29.77630488,-94.97438156
133196,Groom & Son Ace Hardware,77523,29.81725489,-94.89696155
133197,Groom & Son Ace Hardware,77706,30.12281494,-94.16721543
133198,Groom & Son Hardware,78102,28.42188466,-97.7533816
133199,Groom & Sons' Hardware,76126,32.67805535,-97.4680516
133200,Groom & Sons' Home Center,79720,32.2276528,-101.4678117
133201,Guitar Center,79007,35.65507584,-101.4119117
133210,Guitar Center,75104,32.59731534,-96.94691159
133211,Guitar Center,78613,30.535435,-97.7866616
133212,Guitar Center,78108,29.57338485,-98.23616095
133213,Guitar Center,77845,30.5972146,-96.3001365
133214,Guitar Center,77304,30.33152497,-95.47925156
133215,Guitar Center,78109,29.49773483,-98.32500161
133216,Guitar Center,76522,31.1181151,-97.8706616
133217,Guitar Center,78416,27.73838454,-97.4389316
133218,Guitar Center,78410,27.92536458,-97.60815992
133219,Guitar Center,78411,27.72728454,-97.3833516
133220,Guitar Center,75110,32.06618525,-96.50580158
133221,Guitar Center,76227,33.2280828,-96.9843401
133222,Guitar Center,77429,29.97586491,-95.69790157
133223,Guitar Center,75211,32.76283537,-96.89738159
133241,Guitar Center,75248,32.9588654,-96.81600159
133258,Guitar Center,76201,33.23317544,-97.16801592
133417,Guitar Center,76114,32.7745735,-97.2923395
133425,Guitar Center,76105,32.7745735,-97.2923395
133433,Guitar Center,76132,32.7745735,-97.2923395
133449,Guitar Center,76120,32.7745735,-97.2923395
133457,Guitar Center,76244,32.7745735,-97.2923395
133465,Guitar Center,76108,32.7745735,-97.2923395
133481,Guitar Center,75036,33.1422433,-96.8894836
133496,Guitar Center,77551,29.265011,-94.833101
133504,Guitar Center,75041,32.9623459,-96.6424986
133512,Guitar Center,75040,32.9623459,-96.6424986
133520,Guitar Center,75043,32.9623459,-96.6424986
133528,Guitar Center,78628,30.64515021,-97.69211601
133536,Guitar Center,76051,32.9307549,-97.1008896
133552,Guitar Center,75156,32.3329897,-96.1353609
133560,Guitar Center,78552,26.1805222,-97.7168296
133568,Guitar Center,78023,29.559137,-98.678566
133577,Guitar Center,76643,31.4614346,-97.1729597
133586,Guitar Center,75065,33.1286185,-97.0458534
133595,Guitar Center,75077,33.0767818,-97.078086
133604,Half-Moon Outfitters,79928,31.6799321,-106.2008326
133613,Hamilton Ace Hardware,77037,29.9180802,-95.4155064
133621,Hamilton's,77043,29.9180802,-95.4155064
133630,Handlebar Cyclery,77055,29.9180802,-95.4155064
133639,Hardin Ace Hardware,77086,29.9180802,-95.4155064
133648,Harper Feed and Hardware,77040,29.9180802,-95.4155064
133657,Harvest Drug & Gift,77015,29.9180802,-95.4155064
133666,Hawkins Ace Hardware,77095,29.9180802,-95.4155064
133675,Hays Co Outfitters,77023,29.9180802,-95.4155064
133684,Hays Co. Outfitters,77077,29.9180802,-95.4155064
133693,Hearne Ace Hardware,77063,29.9180802,-95.4155064
133702,Hearts' Home Acoustics Guitar Store,77068,29.9180802,-95.4155064
133710,"Heights Lumber & Supply, Inc.",77082,29.9180802,-95.4155064
133719,Hibbett Sports,77022,29.9180802,-95.4155064
133727,Hibbett Sports,77081,29.9180802,-95.4155064
133736,Hibbett Sports,77015,29.9180802,-95.4155064
133745,Hibbett Sports,77099,29.9180802,-95.4155064
133754,Hibbett Sports,77075,29.63061765,-95.2375295
133763,Hibbett Sports,77346,30.0088977,-95.2833568
133772,Hibbett Sports,77396,30.0088977,-95.2833568
133781,Hibbett Sports,77338,30.0088977,-95.2833568
133790,Hibbett Sports,76054,32.8472669,-97.1846967
133799,Hibbett Sports,75063,32.834822,-97.00631
133808,Hibbett Sports,75062,32.834822,-97.00631
133817,Hibbett Sports,75951,30.9080206,-94.015343
133826,Hibbett Sports,77449,29.7838731,-95.8039085
133835,Hibbett Sports,77494,29.7838731,-95.8039085
133844,Hibbett Sports,77449,29.7838731,-95.8039085
133853,Hibbett Sports,75142,32.56973,-96.3075448
133862,Hibbett Sports,78028,30.0626424,-99.167544
133870,Hibbett Sports,76542,31.0831824,-97.7874612
133879,Hibbett Sports,76549,31.0831824,-97.7874612
133888,Hibbett Sports,78363,27.489209,-97.853593
133897,Hibbett Sports,78640,30.0100231,-97.859129
133906,Hibbett Sports,77568,29.4028695,-95.0368866
133915,Hibbett Sports,77571,29.6661819,-95.1000042
133924,Hibbett Sports,77566,29.0454714,-95.4591791
133933,Hibbett Sports,76135,32.8124707,-97.4261366
133942,Hibbett Sports,75146,32.59172772,-96.78758433
133951,Hibbett Sports,78043,27.4533311,-99.4741641
133960,Hibbett Sports,75067,33.0011729,-96.9910462
133969,Hibbett Sports,75056,33.067143,-96.89219295
133978,Hibbett Sports,75067,33.0011729,-96.9910462
133987,Hibbett Sports,77575,30.075608,-94.775305
133996,Hibbett Sports,75604,32.531923,-94.78483
134005,Hibbett Sports,75603,32.531923,-94.78483
134014,Hibbett Sports,75605,32.531923,-94.78483
134032,Hibbett Sports,79415,33.5277426,-101.9037
134041,Hibbett Sports,79424,33.5277426,-101.9037
134050,Hibbett Sports,79416,33.5277426,-101.9037
134059,Hibbett Sports,75002,33.0877023,-96.6183378
134068,Hibbett Sports,75904,31.2996659,-94.7313787
134077,Hibbett Sports,78653,30.3480852,-97.5433416
134086,Hibbett Sports,76063,32.5761491,-97.1306777
134095,Hibbett Sports,78654,30.5994075,-98.2719286
134104,Hibbett Sports,75670,32.5582119,-94.3532728
134113,Hibbett Sports,78503,26.1883981,-98.2098414
134122,Hibbett Sports,78504,26.1883981,-98.2098414
134167,Hibbett Sports,79701,32.0296718,-102.1487588
134176,Hibbett Sports,79707,32.0296718,-102.1487588
134185,Hibbett Sports,76065,32.48386938,-97.00007286
134194,Hibbett Sports,76067,32.8135748,-98.0862508
134203,Hibbett Sports,77459,29.5736584,-95.5679631
134212,Hibbett Sports,77459,29.5736584,-95.5679631
134221,Hibbett Sports,77356,30.3842222,-95.6505603
134230,Hibbett Sports,75455,32.8141065,-79.8455
134239,Hibbett Sports,75094,33.01351,-96.6152648
134248,Hibbett Sports,75965,31.6499777,-94.6531418
134257,Hibbett Sports,76180,32.8425897,-97.246122
134266,Hibbett Sports,75801,31.7358145,-95.6163245
134275,Hibbett Sports,78573,26.260589,-98.3157815
134284,Hibbett Sports,75462,33.664649,-95.505874
134293,Hibbett Sports,77506,29.6465701,-95.1614805
134302,Hibbett Sports,77505,29.6465701,-95.1614805
134311,Hibbett Sports,77584,29.5731002,-95.2836463
134320,Hibbett Sports,77581,29.5731002,-95.2836463
134329,Hibbett Sports,78576,26.2461768,-98.4422326
134338,Hibbett Sports,78660,30.4535898,-97.6068292
134356,Hibbett Sports,79072,34.1961885,-101.7532239
134365,Hibbett Sports,75093,33.0561805,-96.6976495
134374,Hibbett Sports,75023,33.0561805,-96.6976495
134392,Hibbett Sports,77640,29.9363543,-93.9409956
134401,Hibbett Sports,77979,28.6320853,-96.6272729
134409,Hibbett Sports,77365,30.107011,-95.233745
134417,Hibbett Sports,75407,33.1767825,-96.50509237
134435,Hibbett Sports,77469,29.55752822,-95.76524267
134444,Hibbett Sports,77406,29.6900067,-95.7745877
134453,Hibbett Sports,76262,33.0135409,-97.21701593
134462,Hibbett Sports,75087,32.9019922,-96.4618233
134471,Hibbett Sports,78664,30.4831787,-97.6699793
134480,Hibbett Sports,78665,30.4831787,-97.6699793
134489,Hibbett Sports,75088,32.9106219,-96.578005
134498,Hibbett Sports,75048,32.9916144,-96.5745092
134507,Hibbett Sports,76179,32.8697929,-97.38713385
134516,Hibbett Sports,76903,31.4878717,-100.4607143
134525,Hibbett Sports,76904,31.4878717,-100.4607143
134534,Hibbett Sports,76903,31.4878717,-100.4607143
134543,Hibbett Sports,78253,29.4901145,-98.5875885
134552,Hibbett Sports,78214,29.4901145,-98.5875885
134570,Hibbett Sports,78209,29.4901145,-98.5875885
134579,Hibbett Sports,78232,29.4901145,-98.5875885
134597,Hibbett Sports,78247,29.4901145,-98.5875885
134606,Hibbett Sports,78220,29.4901145,-98.5875885
134615,Hibbett Sports,78223,29.4901145,-98.5875885
134624,Hibbett Sports,78244,29.4901145,-98.5875885
134633,Hibbett Sports,78217,29.4901145,-98.5875885
134642,Hibbett Sports,78242,29.4901145,-98.5875885
134651,Hibbett Sports,78250,29.4901145,-98.5875885
134660,Hibbett Sports,78216,29.4901145,-98.5875885
134669,Hibbett Sports,78211,29.4901145,-98.5875885
134678,Hibbett Sports,78228,29.4901145,-98.5875885
134686,Hibbett Sports,78251,29.4901145,-98.5875885
134693,Hibbett Sports,78586,26.1477751,-97.6343049
134701,Hibbett Sports,78666,29.8833514,-97.9121991
134709,Hibbett Sports,78154,29.6041087,-98.274976
134717,Hibbett Sports,75092,33.6736422,-96.612494
134725,Hibbett Sports,77382,30.0645831,-95.4304421
134733,Hibbett Sports,77380,30.0645831,-95.4304421
134741,Hibbett Sports,77373,30.0645831,-95.4304421
134749,Hibbett Sports,77379,30.0645831,-95.4304421
134757,Hibbett Sports,77386,30.0645831,-95.4304421
134765,Hibbett Sports,78070,29.801721,-98.4213198
134773,Hibbett Sports,77477,29.6440566,-95.5731254
134781,Hibbett Sports,76401,32.207348,-98.237766
134789,Hibbett Sports,77478,29.6135818,-95.6446449
134797,Hibbett Sports,75482,33.1066427,-95.5950082
134805,Hibbett Sports,76502,31.1152069,-97.4143054
134813,Hibbett Sports,76502,31.1152069,-97.4143054
134821,Hibbett Sports,75160,32.7396913,-96.3060261
134829,Hibbett Sports,75501,33.4451035,-94.1011598
134837,Hibbett Sports,77375,30.0759221,-95.6256714
134845,Hibbett Sports,77375,30.0759221,-95.6256714
134853,Hibbett Sports,78148,29.5475165,-98.3083308
134861,Hibbett Sports,78801,29.2350558,-99.7543577
134869,Hibbett Sports,77901,28.8779701,-96.9939483
134878,Hibbett Sports,77904,28.8779701,-96.9939483
134887,Hibbett Sports,76710,31.5214703,-97.1653905
134896,"Higginbotham Bros. and Co., LLC",75165,32.4169308,-96.8382456
134905,"Higginbotham Bros. and Co., LLC",76086,32.7318149,-97.7942245
134914,Higginbotham Brothers,76087,32.755257,-97.70995835
134923,Higginbotham Brothers,76114,32.755043,-97.433927
134932,Higginbotham Brothers Ace Hardware,76306,33.950975,-98.529278
134941,Higginbotham Brothers Ace Hardware,78218,29.5082409,-98.375035
135436,High Tide Scuba and Water Sports,78577,26.12518428,-98.21941161
135442,Hills Sport Shop,79424,33.48964549,-101.9027817
135602,HOKA Paris Opéra,78257,29.66897486,-98.63548162
137356,HomeBase,76645,32.01005245,-97.13521591
142786,Hometown Building Center,77019,29.75296512,-95.41565473
143026,HOMETOWN BUILDING CENTERS,75070,33.2004636,-96.73509895
143188,Hometown Hardware,76063,32.6444785,-97.22035755
145016,Hometown Hardware,77065,29.91649015,-95.61315665
145068,Hometown Hardware,77995,29.3007835,-97.1559872
145085,Hometown Hardware,77301,30.29049628,-95.46215641
145122,Horizon City Ace Hardware,77365,30.10349322,-95.25315606
150289,Horseshoe Bay Ace Hardware,79111,47.98678621,7.78707128
150525,Houghton Horns LLC,76036,32.57579086,-97.335287
150529,I Cycle Bike Shop,76705,31.60651783,-97.1081591
151576,iRun Texas Bitters,77377,30.01467471,-95.59806742
154282,iRun Texas Dominion,77706,30.12549358,-94.16015427
155175,iRun Texas Stone Oak,77084,29.8552643,-95.6442864
155220,Island Bicycle Co,78597,26.08642741,-97.16315919
158165,Island Style Surf Sports,77662,30.14024938,-94.0153154
158166,J&R's Ace Hardware,75605,32.52685329,-94.74151552
158172,Jabo's Ace Hardware,79235,33.97605567,-101.3430166
158176,Jabo's Ace Hardware,76252,33.64905513,-97.37661595
158180,Jabo's Ace Hardware,78621,30.34364971,-97.38251596
158184,Jabo's Ace Hardware Rowlett,75840,31.70951952,-96.18115758
158205,Jabo's Ace Hdw Westcliff,76308,33.85635547,-98.54721615
158232,johnnie-O Dallas,76520,30.85650556,-96.9861589
158236,johnnie-O Fort Worth,76801,31.70945195,-98.97641622
158243,johnnie-O Houston,76114,32.79835374,-97.40561596
158247,johnnie-O Southlake,79549,32.71753604,-100.9219165
158253,K and M Ace Hardware,77627,29.96174909,-93.9826154
158254,Karavel Shoes,77612,30.4384987,-93.96515395
158260,Katy Hardware,76010,32.72053609,-97.09615908
158261,Kaufman Ace Hardware,75638,32.99754063,-94.71915519
158266,Keith Ace Hardware,78582,26.38712617,-98.81042416
158269,Keith Ace Hardware,76450,33.09414,-98.5904
158273,Keith Ace Hardware,75758,32.30736007,-95.48615052
158284,Keith Ace Hardware,75762,32.19552748,-95.43015635
158286,Keith Ace Hardware,79835,31.9185523,-106.6011175
158288,Keith Ace Hardware,78055,29.79848821,-99.24816261
158289,Keith Ace Hardware,77657,30.25524957,-94.19971543
158290,Keith Ace Hardware,78355,27.22754461,-98.14441608
158293,Keith Ace Hardware,78645,30.47494993,-97.97631605
158311,Keith Ace Hardware,77474,29.77844879,-96.15721575
158352,Keith Ace Hardware,77386,30.0989137,-95.36200405
158370,Keith Ace Hardware,79764,31.86174149,-102.4075455
159223,Keith Hardware,76559,31.07882,-97.60843
159224,Keith Hardware,77584,29.55736,-95.34969
159598,Keith Hardware,76504,31.07885455,-97.37849895
160909,Keith's ACE Hardware,78759,30.3910465,-97.73178695
161265,Keith's Ace Hardware,76116,32.73325363,-97.44015965
162249,Keith's Ace Hardware,78644,29.8834878,-97.6777044
162756,Kids Foot Locker,78639,30.66650244,-98.45141613
162974,Kids Foot Locker,75056,33.07586021,-96.85767796
163955,Kids Foot Locker,78758,30.40249812,-97.72261601
164032,Kids Foot Locker,75205,32.822135,-96.78832
164427,Kids Foot Locker,77384,30.23725,-95.48657
164612,Kids Foot Locker,78102,28.4244657,-97.73916014
164679,Kids Foot Locker,79110,35.12057541,-101.906167
164682,Kids Foot Locker,77521,29.79324881,-94.97951556
164685,Kids Foot Locker,75418,33.6253,-96.1892
164689,Kids Foot Locker,75835,31.30775129,-95.43981564
164696,Kids Foot Locker,75231,32.8750125,-96.76800625
164699,Kids Foot Locker,75119,32.33255297,-96.61271583
164700,Kids Foot Locker,78114,29.15491448,-98.16606416
164768,Kids Foot Locker,76528,31.4341515,-97.72916012
164769,Kids Foot Locker,76048,32.43453141,-97.80916025
164770,Kids Foot Locker,79045,34.83455707,-102.4067168
164771,Kids Foot Locker,75951,30.91305065,-93.9937154
164772,Kids Foot Locker,77494,29.77814879,-95.8323157
164773,Kids Foot Locker,78945,29.90696642,-96.90582766
164774,Kids Foot Locker,77351,30.71845033,-94.95761556
164775,Kids Foot Locker,79424,33.51854917,-101.9861671
164776,Kids Foot Locker,75904,31.30295129,-94.72981552
164777,Kids Foot Locker,76067,32.80815375,-98.08341607
164778,Kids Foot Locker,77868,30.39004979,-96.07051574
164779,Kids Foot Locker,78130,29.7,-98.1
164780,Kids Foot Locker,79765,31.91685229,-102.2923168
164781,Kids Foot Locker,79072,34.190776,-101.751338
164782,Kids Foot Locker,75160,32.7392952,-96.3015093
165616,Kids Foot Locker,79601,32.47595321,-99.69291633
165719,Kids Foot Locker,75605,32.54405332,-94.73231552
165725,Kids Foot Locker,75703,32.28552897,-95.30181561
165746,Kids Foot Locker,79119,35.1574576,-101.9223167
165750,Kids Foot Locker,75501,33.4480548,-94.10081542
165757,Kids Foot Locker,76087,32.72653619,-97.78588316
165764,Kids Foot Locker,76234,33.245082,-97.473804
165780,Kids Foot Locker,75090,33.66918765,-96.59557815
165788,Kids Foot Locker,75771,32.47665321,-95.38931563
165795,Kids Foot Locker,75165,32.42355312,-96.83661587
165814,Kids Foot Locker,76135,32.80736354,-97.42793816
165988,Kids Foot Locker,79707,32.0135245,-102.1601674
165989,Kids Foot Locker,79762,31.89495226,-102.3388168
165991,Kilgore's Clear Lake Lumber,79424,33.54655496,-101.9383167
165995,King Of the Mountains Cyclery,77304,30.32754969,-95.47991564
166000,Kroger,76904,31.42765149,-100.5068165
166002,Kroger,78641,30.55865007,-97.84616031
166006,Kroger,77377,30.0919493,-95.63761567
166011,Kroger,79606,32.40153087,-99.76621635
166012,Kroger,78253,29.48714831,-98.71271617
166022,Kroger,78130,29.68302,-98.131401
166025,Kroger,77346,29.9982299,-95.1665217
166027,Kroger,77802,30.65855023,-96.32671578
166030,Kroger,77339,30.04084922,-95.25301561
166035,Kroger,77640,29.94044905,-93.9904154
166047,Kroger,77706,30.11854935,-94.16471543
166052,Kroger,77429,29.97184911,-95.69815679
166054,Kroger,78248,29.60634851,-98.51367616
166061,Kroger,78154,29.5954849,-98.28016102
166062,Kroger,78223,29.34884809,-98.42711613
166069,Kroger,77581,29.55648425,-95.26015607
166071,Kroger,78602,30.1146333,-97.351487
166077,Kroger,77845,30.61,-96.35
166079,Kroger,77351,30.719376,-94.951632
166088,Kroger,78666,29.85404891,-97.95171605
166089,Kroger,77494,29.69944866,-95.81615699
166093,Kroger,78028,30.03,-99.13
166095,Kroger,77384,30.2098495,-95.46215641
166096,Kroger,78738,30.30364965,-97.94001605
166101,Kroger,77379,30.07224927,-95.50861565
166104,Kroger,78257,29.61544852,-98.60216155
166107,Kroger,78681,30.48554995,-97.677816
166108,Kroger,77573,29.47114829,-95.08711558
166112,Kroger Marketplace,77904,28.87414731,-96.99631589
166117,Kroger Marketplace,78336,27.92334575,-97.17951592
166191,Kroger Marketplace,78363,27.49344505,-97.85031603
166226,Kroger Marketplace,75801,31.73321833,-95.6219054
167909,Kroger Marketplace,79606,32.4092531,-99.78321635
167926,Kroger Marketplace,78209,29.50914835,-98.47511613
167940,Kroger Marketplace,75013,33.09915423,-96.68331584
167950,Kroger Marketplace,77511,29.42348208,-95.22415602
167951,Kroger Marketplace,79124,35.18555765,-101.9399167
167972,Kroger Marketplace,76017,32.67235353,-97.13161591
167995,Kroger Marketplace,78723,30.3079445,-97.70970416
168004,Kroger Marketplace,75180,32.72115361,-96.61851583
168006,Kroger Marketplace,78249,29.569934,-98.61282
168012,Kroger Marketplace,78602,30.10888236,-97.34763517
168020,Kroger Marketplace,77521,29.77734879,-94.98081556
168023,Kroger Marketplace,77703,30.11584934,-94.14181542
168029,L'échappée,78738,30.31843,-97.95653
168038,La Roue Liber,76705,31.60838035,-97.1021788
168041,Lacrosse Unlimited of Austin-TX,77072,29.70314867,-95.55915656
168058,Lacrosse Unlimited of Houston-TX,78232,29.5662589,-98.4782445
168069,Lakeport Ace Hardware,78006,29.7786221,-98.74113075
168088,Lakewood Hardware,77833,30.14022349,-96.38997016
168094,Lambert Lumber & Home Center,78415,27.75544547,-97.41831596
168103,Lampasas Builders Mart,77008,29.81148843,-95.41715633
168117,Langham Creek Ace Hdwe,78521,25.9231733,-97.465462
168118,Laredo Ace Hardware,76801,31.73151989,-98.97916217
168127,League City Ace Hardware,78163,29.79348814,-98.42431613
168129,Lee County Ace Hardware,76028,32.525648,-97.3509816
168144,Lockhart Ace,78229,29.49184832,-98.58651615
168167,Locomotion E-Bikes,75006,32.97315402,-96.88681587
168195,Lone Star Scuba,75104,32.5941534,-96.93601588
168197,Lott Home Center,78613,30.53127295,-97.78833375
168226,Lowe's Home Improvement,75023,33.04235414,-96.73115848
168276,Lowe's Home Improvement,77565,29.5387484,-95.02431557
168280,Lowe's Home Improvement,76033,32.38453059,-97.39615957
168301,Lowe's Home Improvement,75080,32.98225404,-96.76541585
168307,Lowe's Home Improvement,77840,30.6412037,-96.3143156
168325,Lowe's Home Improvement,77304,30.31494967,-95.47641564
168361,Lowe's Home Improvement,77084,29.87622315,-95.6433109
168377,Lowe's Home Improvement,78411,27.71045401,-97.38081595
168380,Lowe's Home Improvement,75109,32.06574205,-96.44981695
168419,Lowe's Home Improvement,78251,29.4885021,-98.704681
168705,Lowe's Home Improvement,78840,29.39548161,-100.9066912
168712,Lowe's Home Improvement,76208,33.18802105,-97.09728365
168729,Lowe's Home Improvement,78620,30.18884946,-98.08571607
168737,Lowe's Home Improvement,79109,35.18865765,-101.8688167
168746,Lowe's Home Improvement,76112,32.76415368,-97.21415928
168752,Lowe's Home Improvement,79413,33.54745496,-101.8731167
168768,Lowe's Home Improvement,79938,31.76152039,-106.2641741
168792,Lowe's Home Improvement,79936,31.73978985,-106.3204368
168829,Lowe's Home Improvement,77598,29.55646496,-95.15458231
168852,Lowe's Home Improvement,76040,32.83553797,-97.09815909
168857,Lowe's Home Improvement,78223,29.38574815,-98.46781613
168880,Lowe's Home Improvement,78410,27.85989875,-97.62613265
168889,Lowe's Home Improvement,75022,32.9928258,-97.061063
168895,Lowe's Home Improvement,75243,32.907135,-96.7649576
168899,Lowe's Home Improvement,78726,30.41324983,-97.85021603
168916,Lowe's Home Improvement,76109,32.68605355,-97.39911596
168921,Lowe's Home Improvement,76240,33.6391733,-97.1384039
168925,Lowe's Home Improvement,77551,29.2904799,-94.84251554
168930,Lowe's Home Improvement,75040,32.9462719,-96.61587705
168939,Lowe's Home Improvement,78628,30.64675021,-97.69011601
168959,Lowe's Home Improvement,76048,32.43215314,-97.78311602
168964,Lowe's Home Improvement,77494,29.71664869,-95.77491569
168965,Lowe's Home Improvement,75052,32.67885354,-97.00881589
168966,Lowe's Home Improvement,75052,32.675604,-97.02346
168976,Lowe's Home Improvement,75402,33.09718569,-96.09894422
168982,Lowe's Home Improvement,77089,29.607901,-95.211557
168983,Lowe's Home Improvement,77087,29.7026766,-95.2994547
168998,Lowe's Home Improvement,78552,26.15784286,-97.682116
169028,Lowe's Home Improvement,77085,29.6170888,-95.495577
169055,Lowe's Home Improvement,77040,29.85648918,-95.52315651
169058,Lowe's Home Improvement,78753,30.42018761,-97.67024522
169070,Lowe's Home Improvement,77338,30.147278,-95.220866
169078,Lowe's Home Improvement,77320,30.72450338,-95.57615659
169085,Lowe's Home Improvement,78634,30.54335004,-97.55815984
169110,Lowe's Home Improvement,75061,32.83352354,-96.99124816
169160,Lowe's Home Improvement,77449,29.7867397,-95.7206087
169167,Lowe's Home Improvement,76248,32.89581854,-97.25511593
169181,Lowe's Home Improvement,78028,30.0614054,-99.1205505
169186,Lowe's Home Improvement,76543,31.0884765,-97.7087202
169194,Lowe's Home Improvement,77498,29.65,-95.65
169205,Lowe's Home Improvement,78640,30.0353574,-97.8494607
169223,Lowe's Home Improvement,77566,29.04414759,-95.45871564
169228,Lowe's Home Improvement,76135,32.8126671,-97.4173314
169232,Lowe's Home Improvement,78717,30.47949937,-97.79911602
169238,Lowe's Home Improvement,75146,32.59553404,-96.82011586
169242,Lowe's Home Improvement,78041,27.55434515,-99.5068163
169251,Lowe's Home Improvement,77573,29.46424827,-95.08440816
169259,Lowe's Home Improvement,75209,32.8339538,-96.82751586
169264,Lowe's Home Improvement,75067,33.05454156,-97.01271589
169274,Lowe's Home Improvement,77093,29.8672875,-95.3293676
169276,Lowe's Home Improvement,78154,29.56584844,-98.32741611
169287,Lowe's Home Improvement,75605,32.54435332,-94.73491552
169297,Lowe's Home Improvement,79414,33.54154954,-101.9305167
169299,Lowe's Home Improvement,75901,31.3103969,-94.7195077
169300,Lowe's Home Improvement,77043,29.78824881,-95.55831566
169316,Lowe's Home Improvement,76063,32.58853393,-97.14215916
169324,Lowe's Home Improvement,78654,30.5809755,-98.2699852
169330,Lowe's Home Improvement,77015,29.7679388,-95.1862532
169366,Lowe's Home Improvement,78577,26.18232,-98.20632
169370,Lowe's Home Improvement,75070,33.21864018,-96.63635615
169412,Lowe's Home Improvement,75150,32.80038354,-96.63002816
169419,Lowe's Home Improvement,79707,32.0223726,-102.1470136
169425,Lowe's Home Improvement,78224,29.35548096,-98.53916145
169432,Lowe's Home Improvement,78572,26.1994285,-98.2896517
169435,Lowe's Home Improvement,77459,29.56704844,-95.56901566
169455,Lowe's Home Improvement,75455,33.13105428,-94.97091556
169461,Lowe's Home Improvement,76011,32.75853671,-97.1071591
169462,Lowe's Home Improvement,78759,30.3902615,-97.73219316
169464,Lowe's Home Improvement,78520,25.9682718,-97.5167712
169469,Lowe's Home Improvement,76137,32.87015385,-97.31315944
169471,Lowe's Home Improvement,75033,33.17325435,-96.83491587
169477,Lowe's Home Improvement,77037,29.92044565,-95.4149788
169486,Lowe's Home Improvement,78504,26.26634303,-98.21641609
169494,Lowe's Home Improvement,75024,33.09895423,-96.79431586
169496,Lowe's Home Improvement,76180,32.84248165,-97.24378912
169497,Lowe's Home Improvement,78249,29.56622061,-98.59087024
169517,Lowe's Home Improvement,78130,29.70134866,-98.08991607
169536,Lowe's Home Improvement,78258,29.63374525,-98.45514675
169544,Lowe's Home Improvement,75063,32.92335394,-96.98031589
169563,Lowe's Home Improvement,75229,32.90753916,-96.88441587
169567,Lowe's Home Improvement,75211,32.75680895,-96.864684
169579,Lowe's Home Improvement,79762,31.89645226,-102.3272168
169597,Lowe's Home Improvement,77630,30.09844931,-93.76881536
169666,Lowe's Home Improvement,75460,33.67155517,-95.5181565
169671,Lowe's Home Improvement,77505,29.652027,-95.1582652
169683,Lowe's Home Improvement,77581,29.5454161,-95.2319179
169702,Lowe's Home Improvement,78660,30.46464991,-97.59991599
169715,Lowe's Home Improvement,77081,29.7234487,-95.45711564
169736,Lowe's Home Improvement,75074,33.01657854,-96.70743116
169795,Lowe's Home Improvement,77365,30.10604933,-95.2308156
169803,Lowe's Home Improvement,76182,32.8633181,-97.1888599
169836,Lowe's Home Improvement,75044,32.93295396,-96.68061584
169851,Lowe's Home Improvement,76262,33.01055408,-97.21691593
169856,Lowe's Home Improvement,75087,32.89788695,-96.46131315
169864,Lowe's Home Improvement,77471,29.54644841,-95.75521569
169873,Lowe's Home Improvement,78664,30.4848735,-97.67372516
169874,Lowe's Home Improvement,75088,32.9101832,-96.5824217
169877,Lowe's Home Improvement,78745,30.2285395,-97.82551603
169884,Lowe's Home Improvement,76134,32.63366535,-97.32437916
169902,Lowe's Home Improvement,76901,31.44214,-100.51131
169938,Lowe's Home Improvement,78704,30.26,-97.75
169941,Lowe's Home Improvement,78223,29.3536486,-98.4414507
169945,Lowe's Home Improvement,78155,29.59744849,-97.96741605
169955,Lowe's Home Improvement,75092,33.68245519,-96.61251583
169963,Lowe's Home Improvement,77584,29.5574679,-95.3774245
169966,Lowe's Home Improvement,75231,32.8611706,-96.7494149
169967,Lowe's Home Improvement,78744,30.17332,-97.78129
169988,Lowe's Home Improvement,76092,32.9431195,-97.124208
169994,Lowe's Home Improvement,77373,30.05649245,-95.43415636
169995,Lowe's Home Improvement,77429,29.97334911,-95.69271568
169999,Lowe's Home Improvement,77024,29.7862945,-95.4935373
170041,Lowe's Home Improvement,77478,29.6030543,-95.6149994
170043,Lowe's Home Improvement,77044,29.92180285,-95.1950962
170116,Lowe's Home Improvement,76504,31.09255094,-97.38601596
170117,Lowe's Home Improvement,75160,32.70595359,-96.28171577
170118,Lowe's Home Improvement,75503,33.45555481,-94.09361542
170120,Lowe's Home Improvement,75056,33.07465419,-96.87481587
170134,Lowe's Home Improvement,77070,30.00034915,-95.57961566
170139,Lowe's Home Improvement,77068,29.99144914,-95.48891564
170153,Lowe's Home Improvement,75701,32.30771475,-95.32336735
170171,Lowe's Home Improvement,77904,28.86614729,-96.98991589
170181,Lowes Family Center,79912,31.83585216,-106.5639175
170184,M & D Supply,77082,29.73,-95.63
170191,M & D Supply Inc,75071,33.2048397,-96.73041785
170195,M & D Supply Inc - Mauriceville,75093,33.0265411,-96.83215865
170207,M&D Ace Hardware,76710,31.51835164,-97.18381592
170248,M&D Beamer,75165,32.423434,-96.8416425
170250,M&D Clear Lake,76086,32.72985362,-97.79616023
170253,M&D Supply Inc,78599,26.17534289,-98.00531606
170271,M&D Supply Inc,77354,30.22187225,-95.5598425
170272,M&D Supply Inc. - Ace Hardware,77035,29.65624859,-95.47931564
170276,Mad Duck Cycling Shop,77063,29.73934872,-95.51511565
170279,Magnuson Ace Hardware,75237,32.64845349,-96.86901587
170281,Magpies Gifts & Interiors,75218,32.85045382,-96.68671584
170282,Mariner Sails,76108,32.75895367,-97.48161597
170284,Martin Boot Co.,76308,33.87795551,-98.54101614
170290,McIntyre Lumber & Ace Hardware,77065,29.91844902,-95.60701566
170297,Medina Hardware,78239,29.51364836,-98.39441612
170307,Mellow Johnny's Bike Shop,77385,30.17964945,-95.44981564
170313,Mesquite Ace Hardware,75098,33.00515408,-96.55261582
170354,Mineola Ace Hardware,77304,30.27908048,-95.4586805
170369,Morgan Fitzgerald's,75033,33.2168446,-96.8759758
170372,Morton Lumber,78628,30.63305019,-97.70071601
170373,Mount7 GmbH,77407,29.67152,-95.70657
170374,Munn Home & Auto,75160,32.720312,-96.3247146
170451,Murdoch's Ranch & Home Supply,75703,32.29755292,-95.30281561
172782,Murdoch's Ranch & Home Supply,75009,33.31754587,-96.78281586
172783,Murdoch's Ranch & Home Supply,75071,33.23255445,-96.63021583
172784,Murdoch's Ranch & Home Supply,75098,33.00595408,-96.55581582
172785,Murdoch's Ranch & Home Supply,75110,32.06830253,-96.50521581
172786,Murdoch's Ranch & Home Supply,75147,32.34325299,-96.10731575
172787,Murdoch's Ranch & Home Supply,75149,32.78815372,-96.59471583
172788,Murdoch's Ranch & Home Supply,75159,32.65045349,-96.53251582
172789,Murdoch's Ranch & Home Supply,75189,32.9614445,-96.3478076
172790,Music & Arts,75402,33.08931755,-96.112353
172791,Music & Arts,75407,33.18354368,-96.53161582
172792,Music & Arts,75455,33.13045428,-94.96771556
172793,Music & Arts,75494,32.94975398,-95.27891561
172794,Music & Arts,75503,33.46595483,-94.04571541
172795,Music & Arts,75551,33.119515,-94.181469
172796,Music & Arts,75633,32.15955269,-94.36815461
172797,Music & Arts,75644,32.7172536,-94.94381556
172798,Music & Arts,75701,32.3336075,-95.3387846
172799,Music & Arts,75707,32.27965289,-95.24541561
172800,Music & Arts,75766,31.94805234,-95.25941561
172801,Music & Arts,75773,32.6508535,-95.48921564
172802,Music & Arts,75831,31.44615152,-96.07861574
172803,Music & Arts,75935,31.81065212,-94.19051543
172804,Music & Arts,75948,31.34715136,-93.84315375
172805,Music & Arts,75979,30.7635504,-94.41511547
172806,Music & Arts,76028,32.488201,-97.375661
172807,Music & Arts,76033,32.33735298,-97.41171596
172808,Music & Arts,76043,32.24085282,-97.75691602
172809,Music & Arts,76063,32.58945339,-97.15041592
172810,Music & Arts,76065,32.48925323,-97.00411589
172811,Music & Arts,76082,32.95317317,-97.66135668
172812,Music & Arts,76126,32.67153529,-97.46915969
172813,Music & Arts,76135,32.81435376,-97.43331596
172814,Music & Arts,76205,33.19845439,-97.09311591
172815,Music & Arts,76226,33.1,-97.12
172817,Music & Arts,76230,33.56882275,-97.8357163
172818,Music & Arts,76354,34.0923573,-98.5595692
172819,Music & Arts,76384,34.16105597,-99.31201627
172820,Music & Arts,76424,32.76035367,-98.94481621
172821,Mustang Lumber Ace Hardware,76442,31.89925226,-98.58316152
172822,My Tennis Wall,76448,32.40146917,-98.80507338
172823,Myers Ace Hardware,76450,33.11165425,-98.56416149
172824,Nexus Badminton,76458,33.21808969,-98.15937761
172825,Noonday Ace Hardware,76513,30.95573,-97.47211
172826,Nordstrom,76537,30.81650489,-97.61491599
172827,Nordstrom,76541,31.08965094,-97.72216011
172828,Nordstrom,76567,30.64865021,-97.0201159
172829,Nordstrom,76574,30.5994419,-97.4149002
172830,Nordstrom Domain Northside,76634,31.79465209,-97.58651599
172831,Nordstrom Houston Galleria,76645,32.00585244,-97.09831591
172832,NRC Bikes - Los Arcos,76821,31.71785197,-99.96316378
172833,On the Beach Surf Sports,76825,31.10755097,-99.33116274
172834,Outdoor Solution & Services,76834,31.8108585,-99.4220453
172835,Park Row Ace Hardware,76877,31.20113455,-98.7593371
172836,Parkway True Value Hardware,77304,30.31949675,-95.47411564
172837,Patco Hardware and Lumber,77320,30.72250336,-95.57615659
172838,Pearland Ace Hardware,77327,30.34044971,-95.06661558
172839,Pearland Bicycles,77354,30.2102495,-95.74841569
172840,Pecan Ace Hardware,77365,30.10244932,-95.2351156
172841,Pedego Dallas,77378,30.42274984,-95.48915645
172842,Pedego Fort Worth,77385,30.20834949,-95.41761563
172843,Pedego Galveston,77414,28.98847494,-95.93441572
172844,Pedego Houston Woodlands,77471,29.53344,-95.80796
172845,Pet Supplies Plus,77474,29.7599476,-96.1522843
172846,Pet Supplies Plus,77484,30.0572244,-95.9121636
172847,Pet Supplies Plus,77488,29.3219767,-96.0823608
172848,Pet Supplies Plus,77510,29.39074815,-95.10715582
172849,Pet Supplies Plus,77511,29.401635,-95.2465931
172850,Pet Supplies Plus,77515,29.19734784,-95.43361564
172851,Pet Supplies Plus,77532,29.88194896,-95.06811558
172852,Pet Supplies Plus,77566,29.04674759,-95.46531564
172853,Pet Supplies Plus,77575,30.0752588,-94.7825898
172854,Pet Supplies Plus,77612,30.43594987,-93.9756154
172855,Pet Supplies Plus,77632,30.12264935,-93.75151536
172856,Pet Supplies Plus,77640,29.934519,-94.0044658
172857,Pet Supplies Plus,77665,29.8289481,-94.3855044
172858,Pet Supplies Plus,77836,30.5416935,-96.69015842
172859,Pet Supplies Plus,77859,30.89075061,-96.60115827
172860,Pet Supplies Plus,77864,30.95565072,-95.89581571
172861,Pet Supplies Plus,77957,28.972282,-96.6688853
172862,Pet Supplies Plus,77964,29.466946,-96.939348
172863,Pet Supplies Plus,77979,28.62,-96.63
172864,Pet Supplies Plus,78003,29.7210306,-99.0685261
172865,Pet Supplies Plus,78006,29.77014878,-98.72101617
172866,Pet Supplies Plus,78009,29.35404809,-98.8466162
172867,Pet Supplies Plus,78016,29.145414,-98.904426
172868,Pet Supplies Plus,78022,28.33774643,-98.12216076
172869,Pet Supplies Plus,78028,30.03104347,-99.14440826
172870,Pet Supplies Plus,78061,28.8900656,-99.1182932
172871,Pet Supplies Plus,78064,28.94424742,-98.50401614
172872,Pet Supplies Plus,78076,26.9157441,-99.25691626
172873,Pet Supplies Plus,78101,29.36784812,-98.2511161
172874,Pet Supplies Plus,78102,28.42424657,-97.75571602
172875,Pet Supplies Plus,78108,29.56224843,-98.2376161
172876,Pet Supplies Plus,78163,29.79309941,-98.42085087
172877,Pet Supplies Plus,78332,27.77474551,-98.02821606
172878,Pet Supplies Plus,78336,27.91845742,-97.16391592
172879,Pet Supplies Plus,78363,27.49374505,-97.85791603
172880,Pet Supplies Plus,78380,27.782255,-97.68609
172881,Pet Supplies Plus,78415,27.7112454,-97.43315964
172882,Pet Supplies Plus,78542,26.37464321,-98.14571608
172883,Pet Supplies Plus,78572,26.20984294,-98.34451611
172884,Pet Supplies Plus,78580,26.46614336,-97.77411602
172886,Pet Supplies Plus,78586,26.14664284,-97.669416
172887,Pet Supplies Plus,78599,26.17419429,-98.00030616
172888,Pet Supplies Plus Abilene,78606,30.0834867,-98.41643325
172889,Pet Supplies Plus Allen,78613,30.53395003,-97.83471603
172890,Pet Supplies Plus Amarillo,78620,30.20104948,-98.11116075
172891,Pet Supplies Plus Austin - N Mopac,78621,30.35134973,-97.41871596
172892,Pet Supplies Plus Baytown,78624,30.23746495,-98.83845916
172893,Pet Supplies Plus Champion Forest,78626,30.63038096,-97.68993517
172894,Pet Supplies Plus Conroe,78629,29.52284837,-97.44471597
172895,Pet Supplies Plus Corpus Christi,78642,30.67295025,-97.93131605
172896,Pet Supplies Plus Crowley,78643,30.7380294,-98.6718339
172897,Pet Supplies Plus Dallas - Medallion,78644,29.84521415,-97.6697235
172898,Pet Supplies Plus Fate,78654,30.58475011,-98.2725161
172899,Pet Supplies Plus Forney,78840,29.36284811,-100.9105165
172900,Pet Supplies Plus Friendswood,78852,28.72084706,-100.4726165
172901,Pet Supplies Plus Frisco-3 Corners,78861,29.34897614,-99.14387512
172902,Pet Supplies Plus Ft Worth (Chisholm Trail),78942,30.17949446,-96.90811588
172903,Pet Supplies Plus Harper's Preserve,79022,36.03959047,-102.4841679
172904,Pet Supplies Plus Houston - Lower Heights,79065,35.56665827,-100.9696165
172905,Pet Supplies Plus Houston - Memorial & Kirkwood,79124,35.21490318,-101.9073639
172906,Pet Supplies Plus Houston (Braes Heights),79201,34.43435642,-100.2297164
172907,Pet Supplies Plus Irving,79336,33.57355501,-102.3739168
172908,Pet Supplies Plus Irving Towne Center,79360,32.7136536,-102.6353168
172909,Pet Supplies Plus Killeen,79549,32.70555358,-100.8649165
172910,Pet Supplies Plus Lubbock,79553,32.96154004,-99.80121635
172911,Pet Supplies Plus Lubbock,79556,32.45415317,-100.3919165
172912,Pet Supplies Plus McAllen,79601,32.48345322,-99.68511633
172913,Pet Supplies Plus Mesquite,79701,31.97545239,-102.0767167
172914,Pet Supplies Plus New Braunfels,79714,32.32,-102.55
172915,Pet Supplies Plus North Richland Hills,79720,32.26335286,-101.4971663
172916,Pet Supplies Plus Pasadena,79735,30.89595062,-102.8965169
172917,Pet Supplies Plus Portland,79745,31.84891555,-103.0814144
172918,Pet Supplies Plus Prosper-Windsong,79756,31.571566,-102.90779
172919,Pet Supplies Plus Round Rock,79766,31.817858,-102.378088
172920,Pet Supplies Plus Sienna,79772,31.39675,-103.516913
172921,Pet Supplies Plus Telfair - Sugar Land,79782,32.13875266,-101.7989167
172922,Pet Supplies Plus Waco,79830,30.3515465,-103.6894872
172923,Pet Supplies Plus Waxahachie,79927,31.67851902,-106.3098174
173318,Pet Supplies PlusPet Supplies Plus,78628,30.66215024,-97.69191601
174203,Petco,75051,32.74395365,-97.00291589
174204,Petco,75150,32.82265378,-96.64581583
174206,Petco,75603,32.41485311,-94.70571552
174207,Petco,75647,32.5325533,-94.92581555
174208,Petco,75773,32.66175351,-95.48361564
174209,Petco,75948,31.3555413,-93.8352425
174211,Petco,76016,32.67753538,-97.19901593
174212,Petco,76023,33.07775419,-97.56441598
174213,Petco,76067,32.80785375,-98.09571607
174214,Petco,76117,32.80555375,-97.26591594
174216,Petco,76258,33.39405471,-96.94821588
174217,Petco,76354,34.09815587,-98.57071615
174218,Petco,76384,34.15325596,-99.29521627
174219,Petco,76442,31.89715226,-98.61121616
174222,Petco,76528,31.4341515,-97.72971601
174227,Petco,77015,29.77274878,-95.1861156
174228,Petco,77080,29.79648819,-95.54511565
174229,Petco,77434,29.57848461,-96.32391578
174230,Petco,77465,28.70204703,-96.21961576
174231,Petco,77511,29.42494821,-95.24571561
174232,Petco,77536,29.6968242,-95.1254937
174233,Petco,77573,29.51694836,-95.08101558
174234,Petco,77713,30.13500349,-94.19311415
174236,Petco,77868,30.38544978,-96.09531574
174238,Petco,78014,28.43644659,-99.23601626
174240,Petco,78418,27.60084522,-97.22151593
174241,Petco,78503,26.1850429,-98.2362161
174245,Petco,78950,29.89184897,-96.49091581
174249,Petco,79714,32.32445296,-102.5488168
174253,Petco,79925,31.77352058,-106.3376174
174747,Petco,77573,29.48671,-95.08026
174790,Petco,77864,30.95165071,-95.90815714
174791,Petco,78373,27.82444559,-97.0695159
174795,Petco,78584,26.40287553,-98.99378976
174966,Petco,79414,33.56186169,-101.9252528
175397,Petco,77003,29.74994874,-95.35181562
175845,Petco,78154,29.57092455,-98.3274269
177011,Petco,78665,30.5706302,-97.6878795
177012,Petco,78251,29.49414832,-98.70311617
183381,Petco,78410,27.8392722,-97.575815
183462,Petco,76367,33.95355629,-98.66951617
183515,Petco,75495,33.42535476,-96.57621582
183525,Petco,79107,35.237317,-101.7988961
185349,Petco,79110,35.14855759,-101.8672167
185379,Petco,75409,33.34795464,-96.58211582
185481,Petco,76424,32.76005367,-98.94481621
185558,Petco,78009,29.3577481,-98.85816197
185562,Petco,78613,30.53254945,-97.8182095
185758,Petco,79932,31.8619522,-106.5868175
186153,Petco,75551,33.11548225,-94.1848542
186175,Petco,78566,26.07444272,-97.49121597
189351,Petco,78731,30.36104974,-97.78921602
189410,Petco,77027,29.737906,-95.434339
189800,Petco,75154,32.5342533,-96.81581586
189807,Petco,76180,32.8137755,-97.2393289
189834,Petco,75189,32.96565401,-96.34301578
189877,Petco,78064,28.93747412,-98.51251614
190041,Petco,75702,32.3460068,-95.2641995
190042,Petco,75704,32.3590783,-95.3768679
190152,Petco,75098,33.0338523,-96.5940225
191005,Petco,77007,29.76918,-95.410827
191024,Petco,75093,33.03427387,-96.79773887
196275,Petco,79745,31.8582522,-103.0898169
196358,Petco,75110,32.0849811,-96.4778622
196465,Petco,75075,33.0401705,-96.714258
196522,Petco,78043,27.52013225,-99.4493122
196597,Petco,79413,33.54754964,-101.8946167
197632,Petco,77095,29.8777455,-95.6575133
197633,Petco,78216,29.5236828,-98.4971095
198398,Petco,75765,32.59607534,-95.20633156
198695,Petco,75501,33.4486548,-94.10461542
198733,Petco,79936,31.72523835,-106.306986
198896,Petco,76227,33.24801949,-96.9984663
198897,Petco,77518,29.49170792,-94.99093704
200474,Petco,78852,28.70014702,-100.4833017
200475,Petco,78852,28.70717088,-100.5040958
200822,Petco,75237,32.64965349,-96.86191587
200823,Petco,76177,32.90145391,-97.32621595
200827,Petco,75165,32.4305232,-96.8358536
200872,Petco,76133,32.6729343,-97.38114402
201380,Petco,76017,32.67195353,-97.13651591
201509,Petco,75207,32.7945964,-96.8298245
202257,Petco,75081,32.9412268,-96.6968972
202638,Petco,77833,30.16774943,-96.39715794
202734,Petco,76105,32.7111578,-97.2859405
202742,Petco,76053,32.82635378,-97.20031593
202743,Petco,75062,32.8386538,-97.00221589
202754,Petco,75150,32.8121472,-96.617305
203551,Petco,75013,33.1021871,-96.6858248
203587,Petco,76033,32.3788795,-97.3903217
203608,Petco,79912,31.862183,-106.572384
203626,Petco,77598,29.54464841,-95.14111559
203657,Petco,75156,32.32885297,-96.11391575
203663,Petco,75070,33.22195443,-96.63841583
203669,Petco,75482,33.10755424,-95.59871566
203678,Petco,76039,32.8796657,-97.096072
203689,Petco,75078,33.22105443,-96.73401585
203693,Petco,75028,33.07105418,-97.08015906
203724,Petco,76116,32.831334,-97.212241
203727,Petco,75034,33.1063416,-96.8022793
203734,Petco,76048,32.4325261,-97.773421
203750,Petco,75094,33.01355409,-96.61051583
203752,Petco,75951,30.90615064,-94.0193154
203759,Petco,75455,33.173268,-94.9992333
203762,Petco,78634,30.54355004,-97.56291598
203772,Petco,76248,32.8978745,-97.240003
203786,Petco,75068,33.18055436,-96.88931587
203791,Petco,75670,32.53581,-94.34987
203792,Petco,76063,32.593088,-97.1461182
203804,Petco,75901,31.3135583,-94.7111022
203816,Petco,75081,32.94205397,-96.69661584
203821,Petco,75070,33.1295789,-96.7254836
203829,Petco,76092,32.9417338,-97.1138993
204337,Petco,78130,29.6998519,-98.1371443
204869,Petco,75925,31.656673,-95.075709
204875,Petco,75638,33.0285002,-94.7195885
205608,Petco,79072,34.2088515,-101.735396
206519,Petco,75013,33.1310945,-96.6609666
206567,Petco,76051,32.96823,-97.0415897
206573,Petco,77433,29.99704915,-95.75761569
206576,Petco,78238,29.47453,-98.61854
206581,Petco,77450,29.77400488,-95.80828157
206583,Petco,78411,27.7115374,-97.3738881
206584,PetSmart,78503,26.1853429,-98.23601609
206606,PetSmart,78216,29.5184168,-98.496275
206615,PetSmart,78040,27.5018964,-99.5112116
206635,PetSmart,78570,26.16114286,-97.88831604
206637,PetSmart,78664,30.5651284,-97.6892895
206639,PetSmart,78666,29.823437,-97.989188
206645,PetSmart,79835,31.91195228,-106.5862175
206662,PetSmart,76177,33.0211541,-97.28131594
206664,PetSmart,77591,29.41197,-95.01803
206666,PetSmart,75160,32.70255358,-96.28381578
206826,PetSmart,79705,32.0301564,-102.1316508
208934,PetSmart,75057,33.01175409,-96.97201589
209415,PetSmart,77474,29.7582028,-96.1524923
209421,PetSmart,78155,29.597803,-97.950918
209437,PetSmart,79549,32.6908844,-100.9173666
209444,PetSmart,79553,32.97195402,-99.79911635
209450,PetSmart,79556,32.453695,-100.393483
209456,PetSmart,76574,30.60012762,-97.41634876
209464,PetSmart,77384,30.2097495,-95.45991564
209494,PetSmart,77662,30.14334939,-94.0144154
209502,PetSmart,76712,31.4934516,-97.21421593
209506,PetSmart,77546,29.5516428,-95.1593352
209512,PetSmart,78599,26.17442885,-97.98771605
209518,PetSmart,77630,30.090493,-93.76541536
209524,PetSmart,77488,29.32824805,-96.12422157
209530,PetSmart,76302,33.8505131,-98.5015652
209534,PetSmart,76308,33.87591,-98.5422332
209539,PetSmart,75979,30.7638985,-94.4196557
209543,PetSmart,75098,33.02495411,-96.51161581
210062,PetSmart,79606,32.411045,-99.7814628
210069,PetSmart,77511,29.4218482,-95.2308156
210076,PetSmart,79110,35.17005762,-101.8621669
210083,PetSmart,76017,32.6668741,-97.2091707
210088,PetSmart,76017,32.66855352,-97.13191591
210094,PetSmart,75751,32.21045277,-95.8330157
210107,PetSmart,78717,30.4683846,-97.7926142
210114,PetSmart,78704,30.22104951,-97.75411602
210120,PetSmart,78748,30.16634942,-97.78981602
210127,PetSmart,75180,32.731848,-96.6153786
210147,PetSmart,76021,32.86415384,-97.10601591
210154,PetSmart,76705,31.6005165,-97.1058165
210162,PetSmart,76513,31.08205092,-97.46071597
210168,PetSmart,78006,29.77874879,-98.72451618
210175,PetSmart,75418,33.596427,-96.1946346
210182,PetSmart,76230,33.54055495,-97.83741603
210189,PetSmart,76825,31.10965097,-99.33071627
210197,PetSmart,77833,30.212796,-96.24806
210214,PetSmart,75103,32.54265332,-95.85393157
210220,PetSmart,79015,34.99815734,-101.9225167
210225,PetSmart,78834,28.5427967,-99.8485067
210231,PetSmart,75006,32.985984,-96.9059886
210237,PetSmart,75633,32.16915271,-94.36851546
210244,PetSmart,78613,30.52245001,-97.83451603
210250,PetSmart,75935,31.8015521,-94.19315433
210255,PetSmart,79201,34.43495642,-100.2341164
210260,PetSmart,76033,32.3414895,-97.4153226
210266,PetSmart,77327,30.3336098,-95.0981044
210277,PetSmart,75428,33.23505445,-95.91471571
210288,PetSmart,78414,27.67902,-97.3751229
210293,PetSmart,75835,31.32025132,-95.43451564
210299,PetSmart,77532,29.89444898,-95.06515576
210305,PetSmart,76036,32.57685337,-97.33871595
210316,PetSmart,75220,32.86215384,-96.85701587
210321,PetSmart,75248,32.96354007,-96.77061585
210326,PetSmart,75243,32.936897,-96.752929
210331,PetSmart,75020,33.75915531,-96.58751582
210337,PetSmart,78016,29.13334773,-98.8943162
210343,PetSmart,76448,32.4017671,-98.7916042
210349,PetSmart,78539,26.3014636,-98.1818736
210355,PetSmart,78542,26.27124304,-98.15171608
210359,PetSmart,77437,29.2166788,-96.2925407
210365,PetSmart,78114,29.16234778,-98.17991609
210370,PetSmart,75126,32.7435309,-96.4477546
210376,PetSmart,76052,32.9676778,-97.4114367
210382,PetSmart,78624,30.2550189,-98.8522995
210388,PetSmart,75035,33.1277672,-96.7363532
210394,PetSmart,79735,30.89635062,-102.9071169
210400,PetSmart,76111,32.7743163,-97.2918912
210406,PetSmart,76244,32.9307902,-97.2674774
210412,PetSmart,76240,33.6456276,-97.1357694
210418,PetSmart,76528,31.4252097,-97.712988
210424,PetSmart,78942,30.17774944,-96.91561588
210430,PetSmart,75644,32.74745365,-94.93791555
210436,PetSmart,78629,29.5164011,-97.4491222
210442,PetSmart,76450,33.082317,-98.5807759
210448,PetSmart,76048,32.4322906,-97.7802036
210454,PetSmart,75052,32.70695359,-97.02015896
210460,PetSmart,75052,32.67355353,-97.0362159
210466,PetSmart,77642,29.93664905,-93.94061539
210478,PetSmart,76548,31.0698509,-97.674316
210490,PetSmart,75654,32.15982489,-94.76091289
210496,PetSmart,79045,34.83957081,-102.4075168
210507,PetSmart,76645,32.0042749,-97.0993122
210512,PetSmart,78861,29.34394808,-99.12661624
210518,PetSmart,77096,29.67684862,-95.45751564
210524,PetSmart,77065,29.91984902,-95.60231566
210530,PetSmart,77007,29.7725783,-95.4014814
210536,PetSmart,77565,29.53524839,-95.01851557
210542,PetSmart,77340,30.7137925,-95.5705887
210548,PetSmart,75766,31.95045235,-95.26441561
210554,PetSmart,77449,29.8184377,-95.7678394
210560,PetSmart,78119,28.83464724,-97.86451603
210566,PetSmart,75662,32.39375307,-94.86515543
210572,PetSmart,78945,29.9008662,-96.9063239
210578,PetSmart,76550,31.0617909,-98.1589506
210584,PetSmart,78045,27.61084524,-99.4623163
210590,PetSmart,78046,27.4531835,-99.47404
210596,PetSmart,78041,27.5518729,-99.5055002
210602,PetSmart,77573,29.469523,-95.089692
210608,PetSmart,79336,33.59625504,-102.3614168
210614,PetSmart,75771,32.4745917,-95.3888444
210620,PetSmart,77351,30.71625033,-94.95471556
210625,PetSmart,78644,29.85704892,-97.665316
210631,PetSmart,79423,33.5277437,-101.9036091
210637,PetSmart,77657,30.25844958,-94.21671544
210643,PetSmart,77864,30.9567752,-95.8943413
210655,PetSmart,75069,33.22205443,-96.62991583
210660,PetSmart,75773,32.68975356,-95.48181564
210666,PetSmart,78572,26.19378429,-98.28711161
210672,PetSmart,76182,32.90653914,-97.18915924
210678,PetSmart,77868,30.3949498,-96.07171574
210684,PetSmart,75570,33.4710674,-94.4038478
210690,PetSmart,78130,29.68364863,-98.12781608
210696,PetSmart,77357,30.1514677,-95.2216108
210701,PetSmart,79763,31.85645219,-102.4104168
210707,PetSmart,79762,31.894988,-102.3321393
210713,PetSmart,79065,35.5699281,-100.9697501
210719,PetSmart,77581,29.5457608,-95.2359666
210724,PetSmart,78061,28.89874735,-99.09431624
210735,PetSmart,75023,33.0555492,-96.7676346
210741,PetSmart,75075,33.0042016,-96.7716505
210747,PetSmart,75024,33.0832542,-96.84111587
210753,PetSmart,78578,26.07114271,-97.22271593
210758,PetSmart,78374,27.8943944,-97.3055894
210764,PetSmart,75078,33.22025443,-96.79711586
210770,PetSmart,75474,32.9085205,-96.1253643
210788,PetSmart,78382,28.063915,-97.061243
210793,PetSmart,78249,29.5644288,-98.5959705
210799,PetSmart,78245,29.44264824,-98.64241616
210810,PetSmart,78229,29.49014832,-98.58761615
210814,PetSmart,78254,29.50094833,-98.70471617
210819,PetSmart,75159,32.646341,-96.531464
211598,PetSmart,75087,32.83261168,-96.61452323
212659,PetSmart,78504,26.245112,-98.216003
213233,PetSmart,76063,32.5898646,-97.1634354
215097,PetSmart,78634,30.5929187,-97.58473245
218245,PGA TOUR Superstore,76201,33.23215445,-97.16471592
218250,PGA TOUR Superstore,77708,30.12964936,-94.16121543
218251,PGA TOUR Superstore,79720,32.2275528,-101.4708166
218258,PGA TOUR Superstore,76039,32.87835387,-97.10401591
218261,PGA TOUR Superstore,76048,32.4321331,-97.7856517
218263,PGA TOUR Superstore,77029,29.76964877,-95.2245156
218283,PGA TOUR Superstore,78257,29.610737,-98.596697
218284,PGA TOUR Superstore,78154,29.5667792,-98.3289071
218288,PGA TOUR Superstore,77373,30.04949233,-95.42891564
218289,PGA TOUR Superstore,76504,31.09255094,-97.38601596
218290,Planetary Cycles,77375,30.0883493,-95.63461567
218297,Plantation Hardware,76711,31.52484,-97.1717213
218308,PlayTri Rockwall,78411,27.71304541,-97.37141595
218491,Playtri Round Rock,77389,30.0895957,-95.5236663
218492,Polly Adams,75231,32.87575386,-96.76921585
220125,Porter's Ace Hardware,79124,35.18575765,-101.9358167
220643,Post Oak Ace Hardware,79703,31.999207,-102.14592
220987,Pretty Please Boutique & Gifts,76021,32.844749,-97.133323
221673,Price Ace Hardware,78602,30.1114809,-97.3431988
221708,"Pride Home Center, Inc",79331,32.755536,-101.948635
221714,Pure Hockey,77356,30.38214978,-95.65821567
222353,Pure Hockey,77584,29.555763,-95.381858
222357,Rack Attack Austin,76087,32.74151,-97.65886
222411,Rack Attack Dallas,79424,33.5232424,-101.9066616
223479,Racks for the Road,77586,29.5604004,-95.0358616
226628,Ranch Equip. & Hardware Inc.,75209,32.8514624,-96.8195746
226979,Randy's Shoes,77521,29.77935,-94.976217
226986,Red On the Square,77833,30.1386695,-96.3977746
226989,REI - Austin,78520,25.951925,-97.510435
226996,REI - Austin Downtown,76028,32.561739,-97.316359
227000,REI - College Station,75006,32.986258,-96.903118
227013,REI - Dallas,77095,29.87834945,-95.6429635
227016,REI - Houston,78412,27.700869,-97.361394
227028,REI - Houston-Baybrook,75238,32.865525,-96.684362
227030,REI - Houston-Willowbrook,75244,32.911617,-96.816671
227035,REI - Plano,75212,32.7646137,-96.9012965
227037,REI - San Antonio,75252,33.009789,-96.794245
227040,REI - Southlake,75209,32.830658,-96.828717
227046,Rent EBoards DFW,75232,32.643254,-96.85536
227053,Rent EBoards Houston,76205,33.197254,-97.090409
227054,Rhinestone Angel,78852,28.698989,-100.481213
227060,Ride Away Bicycles,78539,26.303337,-98.193318
227064,Ritter Lumber Company,79936,31.727175,-106.305393
227073,Ritter Lumber Company,79938,31.805126,-106.265144
227104,Ritter Lumber Company,76132,32.68762,-97.411694
227115,Ritter Lumber Company,76120,32.764153,-97.165953
227125,Rob's Hardware,75040,32.9441456,-96.6105447
227137,Rogers & Rogers Ace Hardware,78550,26.16926,-97.685542
227141,Roy's Bait and Tackle,75654,32.1381446,-94.7948911
227148,Safeway Medical Supply,77087,29.697756,-95.299421
227154,Salomon Store Paris Odéon,77008,29.8104648,-95.4276674
227159,Sanger Ace Hardware,77070,29.9804879,-95.5644342
227163,SCHEELS ALL SPORTS,77094,29.782984,-95.713682
227173,Schulenburg Ace Hardware,77096,29.68787,-95.45637
227178,Second Street Fashions,77049,29.812839,-95.165673
227192,Shoe Carnival,76054,32.858984,-97.184375
227219,Shoe Carnival,76542,31.0878459,-97.7219818
227234,Shoe Carnival,78640,30.014417,-97.856911
227240,Shoe Carnival,77566,29.042661,-95.444161
227243,Shoe Carnival,78041,27.56148,-99.499951
227250,Shoe Carnival,75067,33.057629,-97.014785
227282,Shoe Carnival,78654,30.604615,-98.268969
227295,Shoe Carnival,78504,26.254536,-98.218646
227309,Shoe Carnival,75150,32.82566,-96.620831
227319,Shoe Carnival,77459,29.566847,-95.561955
227328,Shoe Carnival,75965,31.653487,-94.659612
227349,Shoe Carnival,77505,29.647817,-95.158896
227382,Shoe Carnival,75023,33.05379,-96.697968
227394,Shoe Carnival,75032,32.8919666,-96.4680704
227404,Shoe Carnival,77471,29.529432,-95.806273
227428,Shoe Carnival,78233,29.5452478,-98.3689899
227435,Shoe Carnival,78209,29.491263,-98.433807
227455,Shoe Carnival,78224,29.3528118,-98.5369069
227462,Shoe Carnival,78229,29.511865,-98.554896
227480,Shoe Carnival,77388,30.059919,-95.435272
227486,Shoe Carnival,77479,29.593269,-95.631034
227496,Shoe Carnival,76710,31.524621,-97.168426
227512,Shoe Carnival,78596,26.21639,-97.99271
227517,Shoe Carnival,76308,33.88086,-98.537141
227787,Shoe Carnival,76015,32.680696,-97.12224
227790,Shoe Carnival,78753,30.410355,-97.677344
227795,Shoe Carnival,78717,30.4679231,-97.7916369
227798,Shoe Carnival,78745,30.2010485,-97.7677532
227800,Shoe Carnival,78745,30.219333,-97.829346
227804,Shoe Carnival,78757,30.364731,-97.74098
228563,Shoe Carnival,75862,30.93689044,-95.37511438
228566,Shoe Carnival,77581,29.5739839,-95.286796
228572,Shoe Carnival,75142,32.58294678,-96.26194763
228575,Shoe Carnival,76903,31.4879044,-100.4666242
229035,Shoe Carnival,75840,31.720275,-96.172676
229247,Shoe Carnival,75034,33.0995048,-96.8110233
229249,Shoe Carnival,76132,32.6783227,-97.3980889
230047,Shoe Carnival,77027,29.7423509,-95.4465377
230129,Shoe Carnival,78751,30.31488538,-97.73357566
230258,Shoe Carnival,75034,33.10195453,-96.80239933
232887,Shoe Carnival,77840,30.62413195,-96.30294545
234258,Shoe Carnival,78102,28.403371,-97.749997
234380,Shoe Carnival - Midpark Village Shopping Center,79545,32.444166,-100.536739
236087,Shop Barron's,78749,30.2014579,-97.878884
237643,SILVERLAND,75172,48.88815897,8.66948323
237897,Simms Lumber Do it center,77656,48.42527015,7.95066045
240592,Simpson's Fitness and Adventure Sports,77055,29.7855646,-95.4831228
240684,Slalom Shop,77429,29.9672128,-95.6927115
240700,Snyder Lumber & Ace Hardware,77042,29.735627,-95.572153
240701,Socorro Ace Hardware,77005,29.7234697,-95.4406806
240703,Soehnge Do it center,77058,29.574653,-95.107061
240704,South Texas Specialties,77379,30.010509,-95.513642
240705,Southern Blush Boutique,77494,29.7834922,-95.7967257
240707,Sprads Ace Hardware,77339,30.0505583,-95.1867405
242315,Spring Ace Hardware,78245,29.4266889,-98.713234
242319,Stanton Supply Feed and Hardware,78045,27.5717061,-99.4994417
242328,Starr Western Wear,77471,29.5372431,-95.77068485
242348,Starr Western Wear,77503,29.680772,-95.147802
243643,Starr Western Wear,75428,33.2487104,-95.9122956
243731,Stone's Ace Hardware,79065,35.5465068,-100.9734885
243916,Strait Music Company,76208,33.205218,-97.084633
244183,Strait Music Company,78247,29.5699063,-98.4315367
244620,Stroebel Ace Hardware,75088,32.917873,-96.519405
244731,Sue Patrick,78729,30.43652796,-97.76479776
244960,Sun & Ski Sports,76164,32.78845257,-97.34734063
245353,Sun & Ski Sports,75254,32.941095,-96.770508
245386,Sun & Ski Sports,77098,29.730178,-95.410431
245388,Sun & Ski Sports,77450,29.758736,-95.754066
245389,Sun & Ski Sports,77057,29.754743,-95.499924
245540,Sun & Ski Sports,76012,32.7623816,-97.115329
246922,Sun & Ski Sports,78756,30.32949345,-97.74018185
246940,Sun & Ski Sports,79936,31.749897,-106.281266
248876,Sun & Ski Sports,77007,29.7837283,-95.399154
248877,Sun & Ski Sports,75219,32.78675,-96.80979
250024,Sun & Ski Sports,77007,29.772075,-95.416177
250234,Sun & Ski Sports,76230,49.46532247,1.11502123
251378,Sun & Ski Sports,78633,30.68248,-97.720979
256783,Sun Country Cycling,76401,32.20054,-98.24429
256789,Sun Country Cycling,75070,33.17004,-96.64279
256795,Sunnyland Outdoor Living,78526,25.96691,-97.50852
257013,Sunnyland Outdoor Living,78612,30.16587765,-97.51221625
259602,Sunset Ridge Home & Hardware,75150,32.8119918,-96.62388845
259603,Sutherlands HomeBase,75165,32.42889895,-96.83618015
260115,Sutherlands HomeBase,78256,29.59080762,-98.61812535
260757,Sutherlands HomeBase,76053,32.83041145,-97.1998384
260801,Sutherlands HomeBase,76017,32.67116496,-97.13345761
260810,Sylvia's & Uniques,77057,29.73729975,-95.4775996
260818,T & C Hardware Inc,78258,29.61131221,-98.50821481
261100,Tarpley Music,79121,35.18314295,-101.9274662
261107,Tarpley Music,76015,32.68635652,-97.13198242
261135,Tarpley Music,78723,30.31342268,-97.69726507
261137,Tarpley Music,78723,30.31291181,-97.69771536
261140,Tarpley Music,78723,30.31281371,-97.69772981
261151,Tarpley Music,75240,32.93026395,-96.8194663
261158,Taylor's Ace,75237,32.6569582,-96.87869289
261168,Team Sportia Uppsala,77056,29.740233,-95.46517393
261175,Ted's Borderland Hardware,79925,31.77619793,-106.3804442
261179,Texas Dive Center,79705,32.0297182,-102.1316154
261221,Texas Gadget Company,77706,30.11035226,-94.16289952
261234,Texas Grill Supply,77070,29.9615018,-95.53938533
261245,Texas Marine- Beaumont,77338,30.00415771,-95.26619703
261248,Texas Marine- Clearlake,76543,31.09454326,-97.71958054
261250,Texas Marine- Houston,75150,32.80792346,-96.62548909
261261,Texas Star Grill Shop,78666,29.876944,-97.94668
261264,Texas Star Grill Shop,75040,32.9525068,-96.61274815
261269,Texas Star Grill Shop,77022,29.83043849,-95.37687155
261272,The Adventure Begins,76132,32.67274484,-97.40427377
261276,The Bear Mountain,79414,33.54413247,-101.9227607
261282,The Bike Stop,78216,29.51809752,-98.49603399
261528,The Cottage Boutique,77036,29.70357749,-95.52993475
261529,"The Forest Collection, Inc.",77021,29.69709414,-95.36692426
261556,The Guitar Sanctuary,75220,32.86408648,-96.86314875
261558,The Home Depot,77087,29.69786815,-95.29714615
261578,The Home Depot,77546,29.54271852,-95.15066815
261717,The Home Depot,75224,32.71736672,-96.83535759
261722,The Home Depot,75149,32.7937307,-96.6831751
261727,The Home Depot,77380,30.14974319,-95.45664831
261746,The Home Depot,77494,29.77770846,-95.81065017
261747,The Home Depot,75240,32.9321929,-96.82012809
261748,The Home Depot,76132,32.67274484,-97.40427377
261758,The Home Depot,77022,29.8309745,-95.37727023
261763,The Home Depot,77840,30.61806658,-96.31538716
261774,The Home Depot,79762,31.89126019,-102.3479043
261842,The Home Depot,77024,29.77573598,-95.53601366
261907,The Home Depot,78224,29.34587139,-98.53622657
262504,The Home Depot,77021,29.7013531,-95.3702014
262579,The Home Depot,75150,32.80847751,-96.62538475
262582,The Home Depot,75224,32.71736672,-96.83535759
262607,The Home Depot,77022,29.83073518,-95.37664154
262610,The Home Depot,77056,29.74086506,-95.46450522
262619,The Home Depot,77087,29.693768,-95.29961486
262803,The Home Depot,79911,31.89311134,-106.5578886
262807,The Home Depot,79938,31.77391165,-106.2541193
263904,The Home Depot,78610,30.07802565,-97.8456322
264234,The Home Depot,78216,29.5314566,-98.50063919
264748,The Home Depot,76020,20.5985089,-100.3706314
264887,The Home Depot,78666,29.8475087,-97.962408
267325,The Home Depot,75070,33.15071,-96.682656
268845,The Home Depot,79119,35.16806057,-101.9387684
270060,The Home Depot,76048,32.44210453,-97.78780493
270078,The Home Depot,77006,29.74328637,-95.39329842
270094,The Home Depot,75605,32.54129633,-94.75570721
271260,The Home Depot,76801,31.7306639,-98.98457215
271264,The Home Depot,79936,31.724526,-106.303705
271268,The Home Depot,78628,30.631413,-97.69472199
271274,The Home Depot,76063,32.5919895,-97.14526556
271279,The Home Depot,78666,29.85313855,-97.9538896
271280,The Home Depot,78216,29.56422565,-98.4841467
271371,The Home Depot,77096,29.68795865,-95.461359
271729,The Home Depot,79762,31.89439,-102.34301
273267,The Home Depot,77378,30.439428,-95.44677
273276,The Home Depot,76426,33.2144562,-97.7658829
273286,The Home Depot,76201,33.2319065,-97.1422898
273326,The Home Depot,76126,32.6700661,-97.4723445
273350,The Home Depot,79072,34.186234,-101.742768
276221,The Home Depot,77345,30.0496319,-95.1819643
279220,The Home Depot,76018,32.68086505,-97.10973325
279221,The Home Depot,77546,29.5408149,-95.14845696
279236,The Home Depot,79414,33.54904438,-101.9180723
279263,The Home Depot,75040,32.9533527,-96.6123258
279268,The Home Depot,77027,29.74188203,-95.44477693
279269,The Home Depot,78230,29.539562,-98.55253
279270,The Home Depot,76132,32.6783137,-97.3980649
279289,The Home Depot,78216,29.5184425,-98.498034
279317,The Home Depot,76092,32.94331669,-97.1309843
279323,The Home Depot,75034,33.0992445,-96.8116437
279353,The Home Depot,78256,29.59139141,-98.616268
279364,The Home Depot,77380,30.16571285,-95.4535873
279373,The Home Depot,78258,29.64367058,-98.45224512
279443,The Home Depot,75087,32.93099863,-96.45936263
279480,The Home Depot,75077,33.07383145,-97.08619415
279529,The Home Depot,78550,26.17555145,-97.67653225
279532,The Home Depot,78374,27.87910112,-97.31988664
279546,The Home Depot,75801,31.7622779,-95.63210583
279721,The Home Depot,76801,31.7195513,-98.9829715
279870,The Home Depot,77479,29.5857377,-95.6332234
279932,The Home Depot,77802,30.6371403,-96.3463736
280007,The Home Depot,78041,27.5828016,-99.4505993
280017,The Home Depot,77024,29.7836775,-95.505976
280044,The Home Depot,78941,29.719856,-97.1249
280078,The Home Depot,78582,26.3779964,-98.81338645
280109,The Home Depot,79109,35.1934189,-101.8641741
280126,The Home Depot,79720,32.24310125,-101.4728382
280144,The Home Depot,78756,30.3244703,-97.74029855
280174,The Home Depot,79072,34.18628425,-101.742267
280185,The Home Depot,77339,30.04810798,-95.2293731
280843,The Home Depot,75052,32.67827553,-97.03372599
282238,The Home Depot,77479,29.5873624,-95.6475643
282516,The Home Depot,76092,32.94285055,-97.13056965
283146,The Home Depot,76710,31.5317583,-97.1869819
284168,The Home Depot,75104,32.59515763,-96.94865298
284204,The Home Depot,78230,29.57242065,-98.5463916
284827,The Home Depot,78205,29.42911241,-98.49414859
284828,The Home Depot,78229,29.49063795,-98.5691882
285033,The Home Depot,77008,29.8126006,-95.3983913
285073,The Home Depot,79124,35.1772008,-101.9390322
285076,The Home Depot,76011,32.76398245,-97.0979269
285084,The Home Depot,78757,30.35473199,-97.73129895
285085,The Home Depot,78749,30.2336684,-97.8284471
285089,The Home Depot,77706,30.1184272,-94.16892205
285102,The Home Depot,78521,25.93810245,-97.49664875
285107,The Home Depot,75104,32.59779753,-96.94090742
285110,The Home Depot,75206,32.85881125,-96.7693833
285111,The Home Depot,77007,29.77356182,-95.40119427
285121,The Home Depot,77598,29.5311689,-95.1290724
285124,The Home Depot,77840,30.62491195,-96.30964085
285131,The Home Depot,78411,27.72645885,-97.37984115
285140,The Home Depot,76201,33.232039,-97.16362255
285146,The Home Depot,79905,31.77464757,-106.4180485
285159,The Home Depot,76132,32.67208975,-97.4020054
285188,The Home Depot,77494,29.78510056,-95.79166765
285190,The Home Depot,76542,31.08868525,-97.7256761
285197,The Home Depot,78041,27.554413,-99.50431945
285200,The Home Depot,75067,33.0008534,-96.9628774
285205,The Home Depot,79414,33.53520315,-101.9188514
285216,The Home Depot,78501,26.19508871,-98.25791181
285220,The Home Depot,75150,32.8148156,-96.63114877
285241,The Home Depot,75244,32.92467927,-96.83153457
285242,The Home Depot,76177,32.9030897,-97.3236877
285243,The Home Depot,77090,30.010359,-95.4292197
285263,The Home Depot,77505,29.6484275,-95.16318795
285269,The Home Depot,75075,33.03301605,-96.7084269
285452,The Home Depot,78681,30.4886434,-97.67954245
285457,The Home Depot,78216,29.51618085,-98.50035395
285488,The Home Depot,77477,29.6356122,-95.5877332
285501,The Home Depot,75703,32.24924416,-95.30675803
285506,The Home Depot,76710,31.5262495,-97.1698803
285514,The Home Depot,77070,29.9990575,-95.5835572
285571,The Home Depot,78006,29.7834251,-98.7284734
286267,The Home Depot,78717,30.4731794,-97.79790375
286283,The Home Depot,79413,33.54798615,-101.8957984
286284,The Home Depot,76901,31.45121645,-100.4656009
286285,The Home Depot,76710,31.53360305,-97.1868436
286305,The Home Depot,75071,33.1987155,-96.70553
286350,The Home Depot,75001,32.95925735,-96.8388544
286351,The Home Depot,76092,32.93392405,-97.20214425
287043,The Home Depot,76049,32.3694488,-97.657795
287256,The Home Depot,79927,31.6539584,-106.2704847
287262,The Home Depot,77327,30.34287823,-95.08946564
287772,The Home Depot,76541,31.09679895,-97.73413835
288144,The Home Depot,75033,33.21757805,-96.87195425
288255,The Home Depot,79705,32.037109,-102.1299181
288847,The Home Depot,78681,30.485145,-97.679855
288896,The Home Depot,77024,29.77955,-95.56085
288972,The Home Depot,78052,48.06575933,8.44610349
289850,The Home Depot,77381,30.1864186,-95.4905912
290688,The Home Depot,79007,35.6563513,-101.4148158
290691,The Home Depot,75428,33.2472572,-95.9138887
290696,The Home Depot,79705,32.05814141,-102.0911691
290703,The Home Depot,78577,26.129311,-98.19322025
290712,The Home Depot,75691,32.32195194,-94.52049973
291098,The Home Depot,76248,32.93244147,-97.25352142
291594,The Home Depot,75078,33.23172401,-96.79063462
291624,The Home Depot,79606,32.40500016,-99.77420473
291627,The Home Depot,75001,32.95624191,-96.84046911
291641,The Home Depot,75034,33.09572,-96.814495
291643,The Home Depot,77840,30.5946,-96.323095
291713,The Home Depot,77532,29.9074629,-95.06643425
291717,The Home Depot,79903,31.7846043,-106.4617846
291737,The Home Depot,79601,32.4518825,-99.7311721
292042,The Home Depot,77040,29.856,-95.5145
292365,The Home Depot,78852,28.70854235,-100.5066945
292366,The Home Depot,76448,32.40154623,-98.81538432
292367,The Home Depot,77547,29.7422298,-95.23245825
292368,The Home Depot,75042,32.92945385,-96.6492028
292369,The Home Depot,78046,27.46445395,-99.46041185
292370,The Home Depot,75076,33.7630915,-96.661362
292372,The Home Depot,76266,33.35715015,-97.1816471
292373,The Home Depot,78956,29.6911816,-96.90168645
292375,The Home Depot,78839,28.68906,-99.81278
292376,The Home Depot,77518,29.50553537,-94.98597949
292378,The Home Depot,76437,32.38543734,-98.97836879
292380,The Home Depot,75119,32.32755897,-96.62620118
292383,The Home Depot,78631,30.2882559,-99.24273475
292384,The Home Depot,77445,30.0842207,-96.08326795
292387,The Home Depot,79201,34.42964145,-100.2123518
292394,The Home Depot,79529,33.41802017,-99.8195525
292395,The Home Depot,77418,29.94890291,-96.25461522
292396,The Home Depot,76116,32.72056175,-97.43236925
292704,The Home Depot,78703,30.26778,-97.755045
292990,The Home Depot,75763,32.05410005,-95.51708483
293796,The Home Depot,77598,29.5432212,-95.14002795
293798,The Home Depot,77598,29.53726955,-95.15020715
295379,The Home Depot,77511,29.41210406,-95.24602042
295380,The Home Depot,79124,35.244819,-101.95391
295407,The Home Depot,79936,31.76390861,-106.277491
295408,The Home Depot,79938,31.852355,-106.09325
295409,The Home Depot,79912,31.848055,-106.54487
295411,The Home Depot,75052,32.67640131,-97.03249195
296763,The Home Depot,78745,30.207559,-97.79575
297768,The Home Depot,77063,29.73708,-95.5046104
297773,The Home Depot,78746,30.27324,-97.80053195
297847,The Home Depot,77904,28.86253,-96.99204
299056,The Home Depot,76017,32.659277,-97.16435
299057,The Home Depot,76015,32.68758191,-97.1329712
299092,The Peddler Bicycle Shop at Hyde Park,77802,30.65845532,-96.32703142
299093,The Peddler Bicycle Shop Brushy Creek,78610,30.08505149,-97.8321802
299100,The Rack Shop,75010,33.030556,-96.89328
299101,The Runner Shop,75228,32.83044137,-96.67499989
299133,The Secret Place,76522,31.131076,-97.91666
299139,The Supply House,77433,29.884175,-95.72219
299140,The Texas Boot Company,75254,32.94634233,-96.80678003
299141,Tom's Hardware,75219,32.81175881,-96.81746146
299142,Tone Shop Guitars,75287,32.99455254,-96.84899473
299143,Tone Shop Guitars,75244,32.91495399,-96.84766863
299144,Tone Shop Guitars,75206,32.8212411,-96.7708985
299145,Tractor Supply Co.,75206,32.83349004,-96.76702174
299152,Tractor Supply Co.,76205,33.16156,-97.10376
299185,Tractor Supply Co.,76179,32.86933605,-97.39078576
299186,Tractor Supply Co.,76244,32.91853562,-97.2861184
299189,Tractor Supply Co.,75034,33.143792,-96.83938
299191,Tractor Supply Co.,76133,32.655401,-97.37765
299194,Tractor Supply Co.,75041,32.87322477,-96.64141285
299225,Tractor Supply Co.,77065,29.91280074,-95.59206891
299226,Tractor Supply Co.,77058,29.55362368,-95.10950196
299229,Tractor Supply Co.,76054,32.85300653,-97.1812852
299238,Tractor Supply Co.,77494,29.760833,-95.81104
299239,Tractor Supply Co.,77423,29.80038,-95.98452
299240,Tractor Supply Co.,77450,29.75501609,-95.74033815
299241,Tractor Supply Co.,78028,30.04484746,-99.14165069
299278,Tractor Supply Co.,77573,29.50131368,-95.0775369
299281,Tractor Supply Co.,75067,33.0132014,-96.99581691
299295,Tractor Supply Co.,78654,30.58512521,-98.27392418
299299,Tractor Supply Co.,75071,33.2155412,-96.67660358
299314,Tractor Supply Co.,77356,30.38798124,-95.68563117
299368,Tractor Supply Co.,75024,33.07406463,-96.78176845
299384,Tractor Supply Co.,75080,32.95546455,-96.76122279
299395,Tractor Supply Co.,78232,29.5806038,-98.46834545
299396,Tractor Supply Co.,78209,29.49043359,-98.45205523
299397,Tractor Supply Co.,78259,29.63988442,-98.43147585
299403,Tractor Supply Co.,78155,29.56952042,-97.95136169
299422,Tractor Supply Co.,76401,32.21023103,-98.22758608
299442,Tractor Supply Co.,75703,32.28676388,-95.31504203
299463,Tractor Supply Co.,76086,32.77516,-97.77987
299489,Tractor Supply Co.,75098,33.011975,-96.53607
299603,Tractor Supply Co.,76018,32.6688984,-97.1031872
299605,Tractor Supply Co.,76011,32.76768384,-97.09029562
299616,Tractor Supply Co.,78759,30.40780956,-97.75105367
299617,Tractor Supply Co.,78758,30.37085965,-97.71088745
299619,Tractor Supply Co.,78745,30.207559,-97.79575
299620,Tractor Supply Co.,78738,30.30637685,-97.94169385
299621,Tractor Supply Co.,78723,30.30857835,-97.699802
299632,Tractor Supply Co.,77521,29.78530983,-94.98016172
299634,Tractor Supply Co.,76208,33.18889902,-97.1169848
299648,Tractor Supply Co.,77708,30.10800914,-94.16744507
299679,Tractor Supply Co.,78520,25.928274,-97.51618
299682,Tractor Supply Co.,76028,32.55573245,-97.32178086
299697,Tractor Supply Co.,75104,32.59513808,-96.94625249
299698,Tractor Supply Co.,78613,30.49490827,-97.81503708
299699,Tractor Supply Co.,78613,30.52437932,-97.82113533
299747,Tractor Supply Co.,77845,30.571905,-96.29882
299748,Tractor Supply Co.,77840,30.614647,-96.32641
299768,Tractor Supply Co.,77385,30.1849486,-95.45012225
299769,Tractor Supply Co.,77303,30.368543,-95.40217
299776,Tractor Supply Co.,78411,27.72142688,-97.38417575
299787,Tractor Supply Co.,77433,29.884175,-95.72219
299788,Tractor Supply Co.,75248,32.9736064,-96.78317332
299789,Tractor Supply Co.,75244,32.91642522,-96.82839131
299790,Tractor Supply Co.,75214,32.8168768,-96.74110539
299791,Tractor Supply Co.,75206,32.84273161,-96.77027381
299792,Tractor Supply Co.,75204,32.80288132,-96.79259496
299818,Tractor Supply Co.,79925,31.77375885,-106.3657537
299819,Tractor Supply Co.,79912,31.83400715,-106.5431636
299845,Tractor Supply Co.,76039,32.86946938,-97.08777291
299868,Tractor Supply Co.,75028,33.033214,-97.05965
299869,Tractor Supply Co.,75034,33.143792,-96.83938
299870,Tractor Supply Co.,77407,29.67660361,-95.7213591
299871,Tractor Supply Co.,77406,29.50401,-95.919107
299872,Tractor Supply Co.,77479,29.58551393,-95.63866463
299873,Tractor Supply Co.,79707,32.02257305,-102.1440294
299874,Tractor Supply Co.,79762,31.88801637,-102.3547742
299875,Tractor Supply Co.,79424,33.47322107,-101.9251311
299876,Tractor Supply Co.,78745,30.207559,-97.79575
300128,Tractor Supply Co.,76177,32.949819,-97.31406
300129,Tractor Supply Co.,76135,32.78409109,-97.37963625
300130,Tractor Supply Co.,76132,32.67639381,-97.4115792
300131,Tractor Supply Co.,76116,32.73545357,-97.4416944
300132,Tractor Supply Co.,76109,32.69193816,-97.39143969
300133,Tractor Supply Co.,76107,32.74522105,-97.36872517
300138,Tractor Supply Co.,75034,33.12895484,-96.81716419
300147,Tractor Supply Co.,77551,29.279937,-94.82683
300148,Tractor Supply Co.,75040,32.93879752,-96.64134657
300150,Tractor Supply Co.,78628,30.64428301,-97.69405857
300178,Tractor Supply Co.,78552,26.18538842,-97.72934371
300187,Tractor Supply Co.,77098,29.73882687,-95.41338117
300188,Tractor Supply Co.,77095,29.89184839,-95.64932816
300189,Tractor Supply Co.,77094,29.77736545,-95.71055333
300190,Tractor Supply Co.,77082,29.72918966,-95.62384629
300191,Tractor Supply Co.,77081,29.72043202,-95.47304968
300192,Tractor Supply Co.,77075,29.62317889,-95.24413594
300193,Tractor Supply Co.,77090,30.01115811,-95.41956015
300194,Tractor Supply Co.,77064,29.93916266,-95.55511815
300195,Tractor Supply Co.,77063,29.73862672,-95.51622568
300196,Tractor Supply Co.,77059,29.6027693,-95.12052221
300197,Tractor Supply Co.,77055,29.79261232,-95.52028799
300198,Tractor Supply Co.,77054,29.68873853,-95.40657706
300199,Tractor Supply Co.,77049,29.81331346,-95.17331897
300200,Tractor Supply Co.,77044,29.88277,-95.16782
300201,Tractor Supply Co.,77040,29.86531811,-95.51500091
300202,Tractor Supply Co.,77018,29.82885181,-95.42684022
300203,Tractor Supply Co.,77007,29.77262603,-95.39393666
300206,Tractor Supply Co.,77338,30.0065577,-95.26134096
300208,Tractor Supply Co.,76053,32.82499013,-97.18662822
300213,Tractor Supply Co.,75063,32.92344369,-96.96146442
300214,Tractor Supply Co.,75062,32.84428003,-96.99383638
300230,Tractor Supply Co.,77494,29.760833,-95.81104
300234,Tractor Supply Co.,76543,31.113828,-97.69246
300248,Tractor Supply Co.,77566,29.04085742,-95.44570123
300265,Tractor Supply Co.,75067,33.01429055,-96.99124341
300266,Tractor Supply Co.,75056,33.07686496,-96.88474812
300276,Tractor Supply Co.,75605,32.54395326,-94.74048883
300452,Tractor Supply Co.,75098,33.011975,-96.53607
300453,Tractor Supply Co.,75093,33.03305682,-96.81784367
300454,Tractor Supply Co.,75090,33.632806,-96.59106
300455,Tractor Supply Co.,75150,32.80668936,-96.62951554
300456,Tractor Supply Co.,75165,32.397024,-96.83283
300457,Tractor Supply Co.,75503,33.45829492,-94.08061083
300458,Tractor Supply Co.,75089,32.91945072,-96.55066576
300459,Tractor Supply Co.,76063,32.57523445,-97.14145688
300460,Tractor Supply Co.,75901,31.330567,-94.68667
300461,Tractor Supply Co.,76087,32.703008,-97.74814
300462,Tractor Supply Co.,76092,32.94164258,-97.12965312
300463,Tractor Supply Co.,75087,32.91687967,-96.45758075
300464,Tractor Supply Co.,76308,33.87182247,-98.53447882
300465,Tractor Supply Co.,76504,31.09245745,-97.38482315
300466,Tractor Supply Co.,77375,30.073775,-95.61882
300467,Tractor Supply Co.,76710,31.5256193,-97.17837438
300468,Tractor Supply Co.,76262,33.00862619,-97.22279796
300469,Tractor Supply Co.,77357,30.14511974,-95.22081042
300470,Tractor Supply Co.,77459,29.57068155,-95.5625027
300471,Tractor Supply Co.,77354,30.194267,-95.63918
300472,Tractor Supply Co.,76901,31.44755705,-100.4877527
300473,Tractor Supply Co.,77386,30.12292288,-95.39357713
300474,Tractor Supply Co.,76148,32.87657637,-97.25466929
300475,Tractor Supply Co.,77505,29.6467317,-95.14857559
300476,Tractor Supply Co.,77389,30.09535603,-95.50726014
300477,Tractor Supply Co.,75074,33.02589513,-96.69695918
300478,Tractor Supply Co.,75070,33.212203,-96.67522
300479,Tractor Supply Co.,78249,29.569934,-98.61282
300480,Tractor Supply Co.,78245,29.412338,-98.70484
300481,Tractor Supply Co.,78229,29.45608991,-98.54284454
300482,Tractor Supply Co.,78154,29.56728784,-98.29684186
300483,Tractor Supply Co.,78216,29.55288662,-98.49641173
300484,Tractor Supply Co.,78250,29.510204,-98.66784
300485,Tractor Supply Co.,77904,28.85693528,-96.98884436
300486,Tractor Supply Co.,77640,29.879796,-93.95575
300487,Tractor Supply Co.,78130,29.69255893,-98.13035062
300488,Tractor Supply Co.,78239,29.51472606,-98.37428265
300489,Tractor Supply Co.,78253,29.461353,-98.75976
300490,Tractor Supply Co.,78258,29.649797,-98.50406
300539,Tractor Supply Co.,77584,29.553814,-95.37151233
300540,Tractor Supply Co.,78503,26.17905413,-98.23708
300541,Tractor Supply Co.,79424,33.55976504,-101.9444105
300542,Tractor Supply Co.,78666,29.876944,-97.94668
300543,Tractor Supply Co.,78665,30.5573727,-97.68760955
300544,Tractor Supply Co.,78664,30.49662832,-97.67465019
300545,Tractor Supply Co.,78504,26.26692915,-98.2251328
300546,Tractor Supply Co.,78130,29.71541319,-98.09776726
300547,Tractor Supply Co.,78257,29.646618,-98.6099
300548,Tractor Supply Co.,75071,33.225107,-96.638614
300549,Tractor Supply Co.,75703,32.28807001,-95.30141446
300798,Tractor Supply Co.,78130,29.72604955,-98.07364845
300835,Tractor Supply Co.,78613,30.53366585,-97.78101795
301662,Tractor Supply Co.,79424,33.48373,-101.905505
301712,Tractor Supply Co.,76109,32.70719,-97.3951
304128,Tractor Supply Co.,76028,32.53677,-97.33705
304130,Tractor Supply Co.,79102,35.192165,-101.878935
304138,Tractor Supply Co.,75034,33.0064093,-96.67397705
304748,Tractor Supply Co.,78666,29.875245,-97.940452
306311,Tractor Supply Co.,76092,32.93971945,-97.1058325
306994,Tractor Supply Co.,78155,29.571005,-97.93975
307204,Tractor Supply Co.,78361,27.33334391,-98.67689964
307998,Tractor Supply Co.,76457,31.98020845,-98.0349675
311442,Tractor Supply Co.,79508,32.28634591,-99.82640679
320939,Tractor Supply Co.,75454,59.8521,17.6863
321235,Tractor Supply Co.,75013,33.1033233,-96.6790157
321243,Tractor Supply Co.,77301,30.3175091,-95.4681603
321248,Tractor Supply Co.,79121,35.13014045,-101.9000055
321256,Tractor Supply Co.,76018,32.67993665,-97.1072743
321513,Tractor Supply Co.,78664,30.4847103,-97.67431265
321739,Tractor Supply Co.,77043,29.85507915,-95.5653609
321742,Tractor Supply Co.,77095,29.8579312,-95.52529
321743,Tractor Supply Co.,77070,30.00319784,-95.58468762
322079,Tractor Supply Co.,79539,47.613906,7.664897
322463,Tractor Supply Co.,77479,29.59527105,-95.61972955
322470,Tractor Supply Co.,77385,30.1841774,-95.4506376
322472,Tractor Supply Co.,78154,29.567236,-98.3284553
322477,Tractor Supply Co.,78216,29.51625255,-98.50040135
322478,Tractor Supply Co.,78258,29.62407166,-98.46225834
322790,Tractor Supply Co.,76177,32.90029555,-97.3250465
322794,Tractor Supply Co.,75034,33.10538335,-96.80871025
322796,Tractor Supply Co.,75040,32.96584945,-96.64437199
322814,Tractor Supply Co.,75075,33.0129356,-96.7090033
322817,Tractor Supply Co.,77505,29.64169058,-95.15116068
322825,Tractor Supply Co.,79423,33.49549445,-101.8697276
322829,Tractor Supply Co.,77338,30.0031033,-95.26479385
322831,Tractor Supply Co.,76053,32.8239511,-97.2036609
322834,Tractor Supply Co.,76548,31.0906238,-97.66915245
322841,Tractor Supply Co.,75067,33.00560948,-96.98928117
322850,Tractor Supply Co.,77494,29.7435637,-95.77543075
322861,Tractor Supply Co.,76063,32.59249055,-97.1464242
322865,Tractor Supply Co.,75070,33.212203,-96.67522
323418,Tractor Supply Co.,76011,32.76815115,-97.0955147
323435,Tractor Supply Co.,75022,33.0157189,-97.07190075
323461,Tractor Supply Co.,75701,32.31123575,-95.27785805
323554,Tractor Supply Co.,76108,32.73896,-97.44745
323719,Tractor Supply Co.,75093,33.04350065,-96.79245455
325686,Tractor Supply Co.,77007,29.77902161,-95.40682986
326347,Tractor Supply Co.,78757,30.35055345,-97.71699005
326359,Tractor Supply Co.,75207,32.7851243,-96.81702925
326363,Tractor Supply Co.,75034,33.09592055,-96.810904
326371,Tractor Supply Co.,76135,32.8053485,-97.42617595
326387,Tractor Supply Co.,75074,33.00764535,-96.6706934
326395,Tractor Supply Co.,78217,29.51985675,-98.4607182
329473,Tractor Supply Co.,76109,32.6843234,-97.39573695
329523,Tractor Supply Co.,75002,33.09501015,-96.62327514
329919,Tractor Supply Co.,75034,33.15092,-96.82767
329929,Tractor Supply Co.,75052,32.67354,-97.04167
330717,Tractor Supply Co.,75633,32.15448025,-94.33744915
332086,Tractor Supply Co.,78209,29.583402,-98.477087
332087,Tractor Supply Co.,78209,29.4809798,-98.4654252
332089,Tractor Supply Co.,78214,29.357103,-98.486717
332090,Tractor Supply Co.,78253,29.4982032,-98.7165345
332620,Tractor Supply Co.,77995,29.28877845,-97.15274799
333101,Tractor Supply Co.,78154,29.60639175,-98.27240155
333574,Tractor Supply Co.,78605,30.74209611,-98.05176578
334081,Tractor Supply Co.,77550,29.30111045,-94.7890692
335414,Tractor Supply Co.,79606,32.410105,-99.774375
336681,Tractor Supply Co.,75605,32.5563297,-94.7987519
337006,Tractor Supply Co.,76033,32.33589,-97.42044
338183,Tractor Supply Co.,76082,32.96441832,-97.68164917
338852,Tractor Supply Co.,77904,28.86563365,-96.99428275
338858,Tractor Supply Co.,77632,30.20626875,-93.8729193
339299,Tractor Supply Co.,79546,32.8522248,-100.4666173
344268,Tractor Supply Co.,77901,28.80504,-97.00422
344286,Tractor Supply Co.,78412,27.689049,-97.3334129
347248,Tractor Supply Co.,77433,29.8787243,-95.7396373
347251,Tractor Supply Co.,77963,28.68564995,-97.3891649
347264,Tractor Supply Co.,79415,33.64588585,-101.9393258
347273,Tractor Supply Co.,79070,36.3866867,-100.80173
347276,Tractor Supply Co.,75474,32.9105851,-96.1540796
347279,Tractor Supply Co.,78582,26.3702555,-98.7948284
347336,Tractor Supply Co.,75060,32.80956,-96.959
349870,Tractor Supply Co.,77027,29.74121785,-95.4450911
349872,Tractor Supply Co.,76107,32.72768055,-97.3601472
349874,Tractor Supply Co.,75230,32.89544885,-96.80364875
349875,Tradehome Shoes,76092,32.9427902,-97.1320544
351996,Tradehome Shoes,75009,48.872095,2.326582
354765,Tradehome Shoes,77833,30.1613974,-96.39797511
354771,Tradehome Shoes,78634,30.54181126,-97.56606077
354778,Tradehome Shoes,78640,30.01176001,-97.85750552
357199,Tradehome Shoes,77840,30.6263535,-96.303434
360815,Tradehome Shoes,77380,30.16437185,-95.4656703
361573,Tradehome Shoes,76226,33.07512525,-97.1296121
361579,Tradehome Shoes,77521,29.7924252,-94.9817806
361722,Trail Expeditions,77531,29.0253438,-95.42092232
361772,Trail Expeditions,77429,29.97205675,-95.69143475
361774,Tre's Chic Boutique,77433,29.9901419,-95.7365413
361775,Trek Bicycle Alamo Heights,77433,29.91884495,-95.6886063
361867,Trek Bicycle Allen,75028,33.0358254,-97.07198925
361872,Trek Bicycle Arlington South,75126,32.74846291,-96.44909505
362048,Trek Bicycle Bee Cave,76244,32.95506985,-97.28069595
362050,Trek Bicycle Champions,76177,32.9116927,-97.30956275
362064,Trek Bicycle Clear Lake,77546,29.5210586,-95.1600359
362141,Trek Bicycle College Station,77089,29.6031986,-95.2148289
362148,Trek Bicycle Coppell,77018,29.8288197,-95.43302595
362150,Trek Bicycle Cypress,77007,29.773571,-95.389791
362162,Trek Bicycle Dallas Park Cities,77005,29.7267772,-95.4295541
362206,Trek Bicycle Flower Mound,76132,32.680859,-97.416441
362239,Trek Bicycle Fort Worth South,77494,29.76308925,-95.8434313
362249,Trek Bicycle Houston Memorial,77339,30.07189665,-95.2429556
362284,Trek Bicycle Houston West University,77573,29.50771205,-95.04137925
362291,Trek Bicycle Houston Westchase,75056,33.06345105,-96.88948125
362310,Trek Bicycle Hurst & Outlet,75068,33.1703797,-96.89133815
362429,Trek Bicycle Katy,77459,29.52967765,-95.51103265
362501,Trek Bicycle Kingwood,76182,32.90207405,-97.18870435
362530,Trek Bicycle Lamar,77584,29.58290675,-95.38965025
362575,Trek Bicycle Midland,75002,48.87005165,2.3298103
362889,Trek Bicycle Parmer,78503,26.18741775,-98.2357745
362899,Trek Bicycle Research,76015,32.67934175,-97.12962065
362903,Trek Bicycle San Antonio North,76177,32.9061684,-97.3192188
363059,Trek Bicycle San Antonio South,77406,29.7005987,-95.8115407
363071,Trek Bicycle San Antonio West,77377,30.09143915,-95.6335278
363074,Trek Bicycle San Marcos,77379,30.03281695,-95.55271635
363082,Trek Bicycle Southlake,75032,32.8894988,-96.4723375
363097,Trek Bicycle Sugar Land,77471,29.5420399,-95.75154375
363098,Trek Bicycle The Woodlands,77318,30.4220707,-95.49439125
363100,Trek Bicycle Waco,77407,29.6630057,-95.7381049
363477,Trek El Paso East,75040,32.945151,-96.612533
365236,Trek El Paso West,77488,29.31964405,-96.0969524
367235,Troy's Ski Lubbock,78382,28.05325775,-97.04299425
367243,Turner Pierce & Fultz,76201,33.23050575,-97.17250655
367317,Two Rivers Running,76067,32.808212,-98.084831
369173,TX GEAR UP LLC,76087,32.7389389,-97.6434102
369207,URBAN BICYCLE GALLERY LLC,78006,29.77913105,-98.72673445
369219,Uvalde Hardware,78934,29.688546,-96.5376196
369223,Van Alstyne True Value Hardware,76009,32.40595545,-97.21165365
369283,Van Marcke's Ace Hardware,78028,30.064828,-99.119235
369370,Vargas Ace Hardware,75080,32.97814275,-96.7671689
369493,Velo Cafe,75090,33.68064881,-96.60827306
369494,Velo Republic,78745,30.23095481,-97.81664189
369509,Vickie's Gifts,75087,32.9018094,-96.4553228
369517,Vincik's Bldg Supply Inc,78130,29.72900645,-98.07096295
369519,Waco Running Company,75605,32.54769365,-94.7249634
369732,Wake Village Ace Hardware,77449,29.7873507,-95.7236697
373599,Walker County Ace Hardware,77598,29.54221282,-95.13886413
373679,Walmart,77077,29.7352565,-95.633069
373680,Walmart,77075,29.62280815,-95.22778245
373681,Walmart,77037,29.9233345,-95.4105321
373684,Walmart,76053,32.83039275,-97.19963765
373688,Walmart,75040,32.95270835,-96.6101218
373705,Walmart,78570,26.1631316,-97.8883393
373717,Walmart,76710,31.5163977,-97.1880973
373718,Walmart,75034,33.09870681,-96.81130966
373730,Walmart,78613,30.47145405,-97.80596805
373804,Walmart,78205,29.4240799,-98.48589815
373807,Walmart,79925,31.77793064,-106.394366
373811,Walmart,78256,29.5921224,-98.61795935
373814,Walmart,77479,29.59097835,-95.6252089
373846,Walmart,77338,30.00991085,-95.27024955
373853,Walmart,76543,31.09443301,-97.71937904
373871,Walmart,78521,25.9530242,-97.50289565
373881,Walmart,78746,30.2574671,-97.80722045
373895,Walmart,79414,33.53972397,-101.9232206
373905,Walmart,75104,32.597954,-96.9424597
373910,Walmart,76051,32.96490475,-97.04370441
373916,Walmart,75216,32.71009245,-96.8015795
373922,Walmart,78238,29.4692048,-98.62057855
373926,Walmart,77706,30.12455075,-94.16160535
373933,Walmart,75062,32.83972855,-96.99704945
373949,Walmart,75703,32.29955555,-95.30275555
373955,Walmart,75237,32.6597765,-96.8733235
373970,Walmart,78218,29.50859735,-98.3862257
373995,Walmart,75605,32.5395249,-94.7508173
373996,Walmart,79705,32.02400625,-102.1282012
374053,Walmart,77584,29.5518055,-95.39424035
374058,Walmart,77546,29.54160885,-95.14750695
374088,Walmart,77840,30.62475155,-96.3035003
374094,Walmart,75034,33.09982395,-96.8099141
374096,Walmart,77075,29.6238145,-95.22806905
374123,Walmart,75013,33.13231041,-96.65974762
374133,Walmart,78746,30.2574671,-97.80722045
374174,Walmart,78411,27.71119035,-97.37281645
374176,Walmart,75231,32.8694174,-96.7690201
374197,Walmart,76051,32.9647502,-97.0427552
374205,Walmart,77024,29.7817555,-95.53881655
374206,Walmart,77036,29.70572345,-95.518009
374212,Walmart,77494,29.7763674,-95.808915
374215,Walmart,78041,27.55164796,-99.50152557
374227,Walmart,78501,26.2019885,-98.23399955
374228,Walmart,78503,26.1882845,-98.235457
374247,Walmart,79762,31.89450575,-102.3417001
374270,Walmart,78205,29.42393325,-98.48565345
374271,Walmart,78224,29.3551607,-98.52938285
374272,Walmart,78238,29.4692048,-98.62057855
374290,Walmart,77479,29.5910922,-95.62503145
374295,Walmart,75503,33.45561995,-94.07954705
374309,Walmart,75703,32.29955555,-95.30275555
374312,Walmart,77904,28.8685533,-96.9945218
374328,Walmart,78746,30.2574671,-97.80722045
374360,Walmart,78411,27.7113516,-97.37299585
374361,Walmart,75225,32.8642935,-96.7742085
374362,Walmart,75237,32.6597765,-96.8733235
374375,Walmart,77546,29.54174465,-95.14832645
374376,Walmart,75034,33.0993395,-96.810373
374381,Walmart,76051,32.96562575,-97.04250636
374392,Walmart,77024,29.78140125,-95.54042996
374393,Walmart,77036,29.70572345,-95.518009
374394,Walmart,77037,29.9233345,-95.4105321
374395,Walmart,77070,29.95912545,-95.53902515
374396,Walmart,77338,30.0094325,-95.27046495
374397,Walmart,76053,32.8300777,-97.20034815
374399,Walmart,75062,32.83989755,-96.99569185
374404,Walmart,78041,27.55107255,-99.50209365
374408,Walmart,75605,32.53900516,-94.7520281
374412,Walmart,79414,33.53972397,-101.9232206
374452,Walmart,78216,29.51827705,-98.49545745
374453,Walmart,78224,29.35487756,-98.52981445
374454,Walmart,78238,29.46893345,-98.62028125
374469,Walmart,77479,29.59146665,-95.6246678
374474,Walmart,77380,30.1643362,-95.4564067
374481,Walmart,75703,32.29955555,-95.30275555
374484,Walmart,76710,31.51648,-97.18809035
374520,Walmart,79407,33.57155415,-101.9472097
374521,Walmart,77304,30.30670269,-95.46975479
376131,Walmart,79928,31.6891445,-106.2604525
377071,Walmart,77546,29.54385895,-95.14932014
377265,Walmart,75001,48.869655,2.327487
378403,Walmart,75104,32.5882739,-96.924584
378455,Walmart,79904,31.869236,-106.4323336
378468,Walmart,76177,33.0033059,-97.2864302
378514,Walmart,75234,32.950638,-96.865057
378730,Walmart,75025,33.08704335,-96.74811625
378988,Walmart,78501,26.1995,-98.23852
379129,Walmart,76904,31.43502,-100.494537
379167,Walmart,76710,31.51639545,-97.188567
383557,Walmart,78572,26.20168005,-98.3110916
383558,Walmart,78666,29.82716525,-97.9882815
383873,Walmart,76017,32.64799715,-97.18842989
383886,Walmart,76131,32.8722501,-97.3403876
383887,Walmart,76179,32.88261475,-97.39545245
383892,Walmart,77044,29.92462365,-95.2039336
383895,Walmart,77449,29.8126089,-95.77124285
383898,Walmart,77573,29.4885822,-95.11362005
383902,Walmart,75071,33.21619895,-96.6811102
383903,Walmart,76065,32.4585277,-96.99275075
383904,Walmart,77356,30.39002425,-95.6780871
383906,Walmart,77357,30.13313615,-95.2365389
383911,Walmart,75078,33.22020775,-96.87687674
383912,Walmart,75087,32.94955785,-96.46031325
383920,Walmart,77386,30.1183948,-95.38182245
383922,Walmart,77479,29.5515352,-95.58427725
385455,Walmart,76904,31.4279193,-100.4995026
385456,Walmart,77511,29.4047585,-95.238015
386434,Walmart,77385,30.1610403,-95.4490151
386596,Walmart,76248,32.93316,-97.252095
388636,Walmart,75093,33.02579987,-96.79680745
388646,Walmart,79705,32.0299452,-102.1312559
389038,Walmart,78520,25.9964301,-97.5788975
389039,Walmart,77465,28.71519035,-96.2212675
389262,Walmart,77550,29.3030957,-94.77417445
389276,Walmart,75226,32.7859376,-96.7745169
389415,Walmart,76201,33.2292669,-97.17122555
389424,Walmart,76104,32.736368,-97.3272477
389430,Walmart,77354,30.195101,-95.5874917
390817,Walmart,75432,33.37193725,-95.7058041
392481,Walmart,78121,29.35328375,-98.11053095
392989,Walmart,75474,32.90319416,-96.03839296
393348,Walmart,76458,33.21846015,-98.16083905
394040,Walmart,79329,33.66706795,-101.6807735
396491,Walmart,77511,29.42542,-95.22484
396615,Walmart,75109,32.067115,-96.4492555
396616,Walmart,77566,29.04763543,-95.45628247
396618,Walmart,76051,32.9647016,-97.04320276
396619,Walmart,78613,30.53365995,-97.818018
397578,Walmart,75052,32.67942,-97.0283383
398312,Walmart,78737,30.203302,-97.984998
399942,Walmart,77840,30.63254862,-96.32881433
400225,Walmart,77598,29.543464,-95.139372
400728,Walmart,75766,31.9635113,-95.27132195
400926,Walmart Neighborhood Market,77356,30.3900475,-95.6813339
400946,Walmart Neighborhood Market,78155,29.5689248,-97.9645832
401061,Walmart Neighborhood Market,79316,33.1810595,-102.2494591
401062,Walmart Neighborhood Market,78611,30.7596308,-98.21282695
401063,Walmart Neighborhood Market,78387,28.03721296,-97.4906691
401102,Walmart Neighborhood Market,75148,32.1738235,-95.99641235
401387,Walmart Neighborhood Market,78140,29.271435,-97.751586
401388,Walmart Neighborhood Market,77532,30.00128985,-95.09408655
402038,Walmart Neighborhood Market,75501,33.42421,-94.12573
402086,Walmart Neighborhood Market,78744,30.210675,-97.726405
403241,Walmart Supercenter,75142,32.58915,-96.310624
403360,Walmart Supercenter,75110,32.0697192,-96.5038286
404420,Walmart Supercenter,78520,25.96799,-97.51473
404424,Walmart Supercenter,77479,29.59324,-95.633825
405092,Walmart Supercenter,76020,32.89126,-97.54376
405093,Walmart Supercenter,77354,30.2238957,-95.54865065
406291,Walmart Supercenter,76374,33.3703608,-98.76744095
406324,Walmart Supercenter,79928,31.6737961,-106.1941163
406732,Walmart Supercenter,78245,29.3978144,-98.7371039
407060,Walmart Supercenter,77573,29.4679046,-95.0850772
407062,Walmart Supercenter,77551,29.270875,-94.83084485
407064,Walmart Supercenter,77565,29.53444175,-95.0199831
407067,Walmart Supercenter,77449,29.7861606,-95.7233832
407070,Walmart Supercenter,77477,29.6387569,-95.58617845
407072,Walmart Supercenter,77504,29.66451775,-95.1901671
407075,Walmart Supercenter,77090,30.0207207,-95.42942145
407076,Walmart Supercenter,77083,29.7025037,-95.6450519
407077,Walmart Supercenter,77015,29.77247525,-95.2166464
407078,Walmart Supercenter,77038,29.914598,-95.41510195
407079,Walmart Supercenter,77039,29.8921486,-95.31999125
407080,Walmart Supercenter,77040,29.84948955,-95.50284225
407081,Walmart Supercenter,77040,29.887725,-95.5629984
407082,Walmart Supercenter,77070,29.9345237,-95.5835502
407083,Walmart Supercenter,77076,29.8480293,-95.39294535
407084,Walmart Supercenter,77077,29.73550165,-95.61183335
407085,Walmart Supercenter,76148,32.88158745,-97.26014865
407086,Walmart Supercenter,76117,32.8046115,-97.26588955
407087,Walmart Supercenter,76120,32.757728,-97.16805045
407088,Walmart Supercenter,76015,32.67794465,-97.1333734
407089,Walmart Supercenter,76053,32.8250645,-97.2028554
407090,Walmart Supercenter,75703,32.25052785,-95.30465665
407105,Walmart Supercenter,77069,29.9806482,-95.5104935
407107,Walmart Supercenter,75006,32.9524269,-96.88867725
407108,Walmart Supercenter,75052,32.69306175,-97.0256657
407109,Walmart Supercenter,75067,33.00637236,-96.97755282
407110,Walmart Supercenter,75080,32.96015355,-96.7683733
407111,Walmart Supercenter,75081,32.93278705,-96.69919105
407112,Walmart Supercenter,75104,32.59287225,-96.94226465
407113,Walmart Supercenter,75149,32.7716365,-96.5982438
407114,Walmart Supercenter,75149,32.8114771,-96.6289843
407116,Walmart Supercenter,75210,32.7756247,-96.76378465
407117,Walmart Supercenter,75228,32.83515655,-96.67722785
407118,Walmart Supercenter,75211,32.7632203,-96.9008918
407119,Walmart Supercenter,75211,32.7190631,-96.87676625
407397,Walmart Supercenter,75007,48.853331,2.32604
407401,Walmart Supercenter,75013,48.829528,2.378051
407403,Walmart Supercenter,75007,48.852102,2.299696
407404,Walmart Supercenter,75002,48.864779,2.347665
408579,Walmart Supercenter,76849,30.496967,-99.77817288
410426,Walmart Supercenter,75234,32.93475955,-96.9009138
411334,Walmart Supercenter,77022,29.83090036,-95.38143797
411590,Walmart Supercenter,75052,32.70867,-97.02193225
412038,Walmart Supercenter,75104,32.601949,-96.933083
412064,Walmart Supercenter,77007,29.779932,-95.403619
412222,Walmart Supercenter,77388,30.08196645,-95.44079445
413057,Walmart Supercenter,79109,35.193953,-101.864998
413643,Walmart Supercenter,78070,29.80378235,-98.42064875
413695,Walmart Supercenter,76501,31.1302157,-97.33525175
415274,Walmart Supercenter,76053,32.826275,-97.204087
415318,Walmart Supercenter,75150,32.8082865,-96.62415275
415328,Walmart Supercenter,76132,32.67824925,-97.39775615
415330,Walmart Supercenter,75964,31.630641,-94.684884
415333,Walmart Supercenter,78374,27.8877934,-97.3145751
415356,Walmart Supercenter,75002,33.0828244,-96.6455518
415359,Walmart Supercenter,76712,31.49445745,-97.21877105
415372,Walmart Supercenter,76549,31.08150756,-97.780859
415375,Walmart Supercenter,77385,30.20785305,-95.4297668
415381,Walmart Supercenter,75165,32.4118344,-96.843206
415383,Walmart Supercenter,75063,32.91302325,-96.9594351
415384,Walmart Supercenter,77505,29.6508017,-95.12488645
415387,Walmart Supercenter,75214,32.85702205,-96.75271045
415395,Walmart Supercenter,78758,30.4174082,-97.70287425
415401,Walmart Supercenter,77304,30.31435685,-95.4744688
415405,Walmart Supercenter,77079,29.7715815,-95.5912265
415432,Walmart Supercenter,79109,35.16056045,-101.9000932
415437,Walmart Supercenter,76182,32.90223525,-97.18771895
415439,Walmart Supercenter,76036,32.56380385,-97.3539351
415441,Walmart Supercenter,77459,29.52542365,-95.5337193
415444,Walmart Supercenter,77523,29.82145975,-94.89765643
415463,Walmart Supercenter,75035,33.21674375,-96.76818775
415469,Walmart Supercenter,77546,29.5074547,-95.18765775
415473,Walmart Supercenter,78681,30.50767775,-97.71679101
415475,Walmart Supercenter,78504,26.25626395,-98.21947825
415476,Walmart Supercenter,79424,33.51938865,-101.9375574
415485,Walmart Supercenter,77379,30.0343051,-95.55623645
415489,Walmart Supercenter,76123,32.6040728,-97.41010095
415491,Walmart Supercenter,78411,27.7068937,-97.37440695
415493,Walmart Supercenter,75149,32.77236075,-96.60039305
415497,Walmart Supercenter,79410,33.56377145,-101.9218251
415498,Walmart Supercenter,75189,32.930002,-96.38161125
415502,Walmart Supercenter,75126,32.74686915,-96.44948905
415505,Walmart Supercenter,75078,33.22091155,-96.8758004
415528,Walmart Supercenter,79606,32.40424065,-99.76337215
415532,Walmart Supercenter,77025,29.70547,-95.4388203
415538,Walmart Supercenter,78132,29.7088279,-98.16295515
415541,Walmart Supercenter,77007,29.76813259,-95.40206113
415550,Walmart Supercenter,77478,29.60900745,-95.64774975
415553,Walmart Supercenter,75062,32.8384678,-96.99001845
415583,Walmart Supercenter,78045,27.61535665,-99.4673394
415608,Walmart Supercenter,75238,32.86457255,-96.7017587
415610,Walmart Supercenter,79934,31.9255489,-106.439115
415612,Walmart Supercenter,77381,30.17583445,-95.5359263
415615,Walmart Supercenter,77042,29.7350974,-95.5701347
415621,Walmart Supercenter,78250,29.55087635,-98.662148
415641,Walmart Supercenter,78759,30.3953467,-97.74829995
415645,Walmart Supercenter,77396,29.93672105,-95.2482971
415654,Walmart Supercenter,77833,30.14028805,-96.38229
415723,Walmart Supercenter,78216,29.55597505,-98.51848255
415731,Walmart Supercenter,78751,30.30071805,-97.72029095
415741,Walmart Supercenter,77037,29.91181285,-95.4157117
415788,Walmart Supercenter,79606,32.4077295,-99.77079885
415837,Walmart Supercenter,79109,35.18924655,-101.8820519
415842,Walmart Supercenter,75013,33.1034208,-96.6820601
415853,Walmart Supercenter,76013,32.72209905,-97.1514662
415854,Walmart Supercenter,76006,32.7826808,-97.0949099
415855,Walmart Supercenter,76016,32.6828273,-97.19457935
415862,Walmart Supercenter,78717,30.4738632,-97.8014326
415863,Walmart Supercenter,78746,30.27252915,-97.80014085
415864,Walmart Supercenter,78735,30.2355842,-97.8757875
415971,Walmart Supercenter,78602,30.11452585,-97.3531847
415975,Walmart Supercenter,77521,29.7754179,-94.97980015
415977,Walmart Supercenter,77706,30.12312315,-94.16501285
415979,Walmart Supercenter,76021,32.8526381,-97.13277805
416017,Walmart Supercenter,76028,32.52441185,-97.35017415
416029,Walmart Supercenter,75007,32.9912394,-96.88923815
416036,Walmart Supercenter,78613,30.5357938,-97.81837825
416051,Walmart Supercenter,78108,29.5710606,-98.2351177
416065,Walmart Supercenter,77840,30.6144588,-96.3167165
416066,Walmart Supercenter,76034,32.87905585,-97.15562645
416076,Walmart Supercenter,77304,30.33536275,-95.4812419
416077,Walmart Supercenter,77304,30.2772584,-95.4600752
416082,Walmart Supercenter,78410,27.8574338,-97.63150215
416083,Walmart Supercenter,78413,27.68676625,-97.3823454
416089,Walmart Supercenter,77433,29.91989045,-95.6891196
416091,Walmart Supercenter,75218,32.83500695,-96.701742
416092,Walmart Supercenter,75225,32.85088425,-96.80919165
416093,Walmart Supercenter,75254,32.9563862,-96.81594225
416103,Walmart Supercenter,76201,33.23215635,-97.1655972
416114,Walmart Supercenter,76802,31.73365485,-98.9655994
416124,Walmart Supercenter,78539,26.2639391,-98.16893335
416156,Walmart Supercenter,79938,31.7638362,-106.2638154
416157,Walmart Supercenter,79925,31.78384795,-106.4158936
416178,Walmart Supercenter,78114,29.1631025,-98.177749
416182,Walmart Supercenter,76177,32.90037365,-97.3265558
416183,Walmart Supercenter,76114,32.7519737,-97.42875685
416184,Walmart Supercenter,76132,32.67652435,-97.41225415
416193,Walmart Supercenter,75035,33.1761201,-96.7354821
416194,Walmart Supercenter,75033,33.17318105,-96.84225025
416199,Walmart Supercenter,75040,32.94494195,-96.61234475
416211,Walmart Supercenter,75052,32.69434865,-97.02776955
416212,Walmart Supercenter,75052,32.6453862,-97.0598688
416216,Walmart Supercenter,76051,32.92819055,-97.087976
416222,Walmart Supercenter,75402,33.1003763,-96.11118815
416234,Walmart Supercenter,76548,31.07334926,-97.66408467
416247,Walmart Supercenter,75077,33.07529115,-97.0811213
416257,Walmart Supercenter,77089,29.60296745,-95.2156851
416258,Walmart Supercenter,77065,29.92454535,-95.6028012
416259,Walmart Supercenter,77055,29.79560025,-95.48523195
416260,Walmart Supercenter,77019,29.74630765,-95.4109897
416261,Walmart Supercenter,77070,30.01014075,-95.5906437
416262,Walmart Supercenter,77058,29.5732552,-95.107697
416263,Walmart Supercenter,77068,29.9869886,-95.496467
416265,Walmart Supercenter,77005,29.72372165,-95.4422002
416266,Walmart Supercenter,77084,29.8771041,-95.6468215
416267,Walmart Supercenter,77063,29.7397833,-95.50143195
416268,Walmart Supercenter,77008,29.7870939,-95.410729
416270,Walmart Supercenter,77338,30.00233526,-95.27129289
416271,Walmart Supercenter,77346,30.00040545,-95.1696663
416274,Walmart Supercenter,77340,30.70819055,-95.56736185
416280,Walmart Supercenter,75038,32.8611041,-96.9581369
416292,Walmart Supercenter,77449,29.8146647,-95.7697057
416293,Walmart Supercenter,77450,29.77765315,-95.75023385
416305,Walmart Supercenter,77339,30.04947195,-95.2442757
416311,Walmart Supercenter,78640,30.0120724,-97.86560195
416316,Walmart Supercenter,77566,29.0456847,-95.45693255
416322,Walmart Supercenter,78045,27.6092445,-99.47162495
416323,Walmart Supercenter,78041,27.54936755,-99.50582435
416335,Walmart Supercenter,77573,29.4677344,-95.09385875
416340,Walmart Supercenter,75067,33.00291055,-96.98146215
416349,Walmart Supercenter,75605,32.543082,-94.7555538
416358,Walmart Supercenter,76063,32.59636625,-97.15059355
416367,Walmart Supercenter,75071,33.21902125,-96.6573661
416373,Walmart Supercenter,75150,32.8132537,-96.6246828
416380,Walmart Supercenter,76065,32.460342,-96.99164215
416384,Walmart Supercenter,78572,26.1965039,-98.2810191
416386,Walmart Supercenter,77459,29.53368785,-95.507962
416425,Walmart Supercenter,79762,31.9002019,-102.3144082
416446,Walmart Supercenter,75462,33.66050075,-95.50475405
416450,Walmart Supercenter,77504,29.66445745,-95.1875684
416453,Walmart Supercenter,77581,29.55997465,-95.2623492
416455,Walmart Supercenter,78660,30.4721905,-97.596869
416466,Walmart Supercenter,75093,33.02521505,-96.79202355
416467,Walmart Supercenter,75075,33.02038795,-96.71493165
416468,Walmart Supercenter,75024,33.0957043,-96.8015734
416471,Walmart Supercenter,77640,29.94568335,-93.99602715
416503,Walmart Supercenter,75081,32.9393442,-96.69945555
416506,Walmart Supercenter,77407,29.65643011,-95.72357575
416507,Walmart Supercenter,77406,29.7000379,-95.809258
416520,Walmart Supercenter,75032,32.89733615,-96.4639769
416523,Walmart Supercenter,77471,29.5490064,-95.7497975
416526,Walmart Supercenter,78681,30.47907448,-97.67639974
416534,Walmart Supercenter,76904,31.4298962,-100.5025801
416535,Walmart Supercenter,78209,29.48874355,-98.4480296
416536,Walmart Supercenter,78216,29.52189685,-98.4958213
416537,Walmart Supercenter,78230,29.5627775,-98.58635415
416538,Walmart Supercenter,78217,29.5684984,-98.38740355
416539,Walmart Supercenter,78232,29.60598355,-98.4676249
416541,Walmart Supercenter,78223,29.3538551,-98.4392436
416542,Walmart Supercenter,78238,29.47622785,-98.61171295
416543,Walmart Supercenter,78244,29.48288135,-98.35120895
416544,Walmart Supercenter,78230,29.51404785,-98.55120005
416562,Waterloo Outfitters,75092,33.6810142,-96.612448
416576,WB Farm & Ranch,77388,30.0502451,-95.4358229
416577,Weakley-Watson Ace Hardware,77379,30.07851355,-95.51610175
416578,West Marine,77380,30.1271364,-95.45020655
416599,West Marine,77478,29.59055355,-95.6039369
416601,West Marine,78745,30.22655351,-97.82040307
416606,West Marine,76504,31.07830445,-97.37673865
416607,West Marine,75160,32.7187287,-96.32683055
416619,Westlake Ace Hardware,75703,32.2482374,-95.3046312
416635,Westlake Ace Hardware,76711,31.49948465,-97.1590312
416648,Westlake Ace Hardware,76148,32.88911515,-97.2587422
416652,Westlake Ace Hardware 053,78596,26.17499065,-97.98322375
416663,Westlake Ace Hardware 083,76308,33.86372945,-98.53365795
417014,Westlake Ace Hardware 096,75002,33.12570816,-96.65636721
417110,Westlake Ace Hardware 098,75237,32.6491599,-96.86030685
417112,Westlake Ace Hardware 107,77539,29.4607876,-95.0513172
417114,Westlake Ace Hardware 108,78537,26.1822476,-98.04316815
417122,Westlake Ace Hardware 109,79928,31.65783,-106.1345705
417131,Westlake Ace Hardware 124,76048,32.4488736,-97.7905758
417183,Westlake Ace Hardware 503,77406,29.69822785,-95.8448826
417188,Wharton Feed & Supply,78253,29.42930195,-98.7138904
417994,White's Ace Hardware,77346,29.9988312,-95.2621553
420304,Wichita Falls Ace Hardware,78552,26.1832347,-97.7260634
423032,Wicker Basket,77705,29.9879824,-94.20629485
423915,Wild Pear Running - Pearland,75009,48.8702168,2.32819505
426591,Willow Park Ace Hardware,76557,31.2971259,-97.3651344
429081,Wimberley Ace Hardware,76015,32.67915175,-97.129873
429097,Woolley G's Bike & Fitness,77077,29.73522395,-95.6331688
429103,WSS,78218,29.5098969,-98.38541145
429841,YETI - Domain Northside,78411,27.71086065,-97.371939
429847,YETI - Highland Village,77840,30.6249241,-96.30426204
429850,YETI - Market Street,79121,35.1841494,-101.9278932
429853,YETI - McKinney Street,79705,32.0299635,-102.131272
429854,YETI - Shops at La Cantera,76543,31.09287675,-97.71664405
429858,YETI - South Congress,79925,31.77695396,-106.3810205
433631,YETI - Southlake Town Square,75034,33.0991586,-96.8113655
434519,Yoakum Ace Hardware,77474,29.78505795,-96.159191
434521,Your Best Home Ace Hardware,77302,30.25005605,-95.3276352